3 Choume no Tama: Tama and Friends – 3 Choume Obake Panic!!,Tom Create,B-AI,"August 5, 1994",Unreleased,Unreleased
3-Pun Yosō Umaban Club,Hect,Hect,"October 16, 1992",Unreleased,Unreleased
4-in-1 Fun Pak,Beam Software,Interplay NA/EUImagineer JP,"December 22, 1992",September 1992,September 1992
4-in-1 Funpak: Volume II,Beam Software,Interplay,Unreleased,August 1993,1993
99 Nendohan: Eitango Center 1500,C-Lab,Imagineer,"July 10, 1998",Unreleased,Unreleased
Aa Harimanada,Atelier Double,ASK Kodansha,"July 23, 1993",Unreleased,Unreleased
The Addams Family,Ocean,Ocean NA/EUMisawa JP,"October 23, 1992",January 1992,1992
The Addams Family: Pugsley's Scavenger Hunt,Enigma Variations,Ocean,Unreleased,July 1993,1993
Adventure IslandTakahashi Meijin no Boken Jima II JP,,Hudson Soft,"March 6, 1992",February 1992,"April 23, 1992"
Adventure Island II: Aliens in ParadiseTakahashi Meijin no Boken Jima III JPAdventure Island II EU,Now Production,Hudson Soft,"February 26, 1993",February 1993,1993
Adventures of LoloLolo no Daibouken JP,HAL Laboratory,Imagineer JPNintendo EU,"March 25, 1994",Unreleased,1995
The Adventures of Rocky and Bullwinkle and Friends,Imagineering,THQ,Unreleased,October 1992,Unreleased
The Adventures of Star SaverRubble Saver JP,A-Wave,King Records JPTaito Corporation NA/EU,"May 17, 1991",March 1992,1992
Aerostar,Vic Tokai,Vic Tokai,"June 28, 1991",September 1991,1991
After Burst,Dual,NCS,"October 26, 1990",Unreleased,Unreleased
Aguri Suzuki F-1 Super Driving,Pixel,LOZC G. Amusements,"May 28, 1993",Unreleased,Unreleased
Akazukin Cha Cha,Access,Tomy,"April 28, 1995",Unreleased,Unreleased
Aladdin,NMS Software,Virgin Interactive EUTHQ NA,Unreleased,October 1995,"December 8, 1994"
Alfred Chicken,Twilight,Mindscape NA/EUSunsoft JP,"July 28, 1995",February 1994,1993
Alien Olympics 2044 AD,Dark Technologies,Ocean,Unreleased,Unreleased,September 1994
Alien vs Predator: The Last of His ClanAlien vs. Predator JP,ASK Kodansha,ASK Kodansha JPActivision NA,"September 24, 1993",November 1993,Unreleased
Alien³,Bits Studios,LJN NA/EUAcclaim Japan JP,"July 9, 1993",January 1993,1993
All-Star Baseball '99,Realtime Associates,Acclaim,Unreleased,May 1998,Unreleased
Alleyway,Intelligent Systems,Nintendo,"April 21, 1989","July 31, 1989","September 28, 1990"
Altered Space: A 3-D Alien Adventure,Software Creations,Sony Imagesoft NAEpic/Sony Records JPHi Tech Expressions EU,"November 29, 1991",September 1991,1991
Amazing PenguinOsawagase! Penguin Boy JP,Natsume,Natsume,"August 8, 1990",December 1990,1991
The Amazing Spider-Man,Rare,LJN NANintendo EU,Unreleased,July 1990,1990
The Amazing Spider-Man 2,Bits Studios,LJN,Unreleased,August 1992,1992
Amazing TaterPuzzle Boy II JP,Atlus,Atlus,"August 2, 1991",February 1992,Unreleased
America Ōdan Ultra Quiz,,Tomy,"December 23, 1990",Unreleased,Unreleased
America Ōdan Ultra Quiz Part 2,,Tomy,"December 20, 1991",Unreleased,Unreleased
America Ōdan Ultra Quiz Part 3,,Tomy,"November 27, 1992",Unreleased,Unreleased
America Ōdan Ultra Quiz Part 4,,Tomy,"October 29, 1993",Unreleased,Unreleased
Amida,Sofix,Coconuts Japan,"October 23, 1990",Unreleased,Unreleased
Animal Breeder,,J-Wing,"September 11, 1997",Unreleased,Unreleased
Animal Breeder 2,,J-Wing,"May 15, 1998",Unreleased,Unreleased
Animaniacs,Factor 5,Konami,Unreleased,July 1995,1995
Another Bible,Dice,Atlus,"March 3, 1995",Unreleased,Unreleased
Aoki Densetsu Shoot!,,Banpresto,"April 7, 1995",Unreleased,Unreleased
Arcade Classic No. 1: Asteroids / Missile Command,The Code Monkeys,Nintendo,Unreleased,July 1995,1995
Arcade Classic No. 2: Centipede / Millipede,The Code Monkeys,Nintendo,Unreleased,August 1995,August 1995
Arcade Classic No. 3: Galaga / GalaxianGalaga & Galaxian JP,Namco,Namco JPNintendo NA/EU,"July 14, 1995",September 1995,1995
Arcade Classic No. 4: Defender / Joust,Williams,Nintendo,Unreleased,October 1995,1995
Arcade Classics: Super Breakout / Battlezone,Black Pearl Software,Black Pearl Software,Unreleased,October 1996,October 1996
Aretha,Japan Art Media,Yanoman,"November 16, 1990",Unreleased,Unreleased
Aretha II,Japan Art Media,Yanoman,"September 27, 1991",Unreleased,Unreleased
Aretha III,Japan Art Media,Yanoman,"October 16, 1992",Unreleased,Unreleased
Asmik-kun World 2,Cyclone System,Asmik Ace Entertainment,"May 24, 1991",Unreleased,Unreleased
Asterix,Bit Managers,Infogrames,Unreleased,Unreleased,1993
Asterix & Obelix,Bit Managers,Infogrames,Unreleased,Unreleased,1995
Asteroids,The Code Monkeys,Accolade,Unreleased,February 1992,1992
Astro Rabby,Cyclone System,IGS,"October 12, 1990",Unreleased,Unreleased
Atomic PunkBomber Boy JPDynablaster EU,Hudson Soft,Hudson Soft,"August 31, 1990","May 5, 1991",1991
Attack of the Killer TomatoesKiller Tomato JP,Equilibrium,THQ NANintendo EUAltron JP,"March 19, 1993",January 1992,1992
Avenging SpiritPhantasm JP,Jaleco,Jaleco,"November 6, 1992",December 1992,1992
Ayakashi no Shiro,,SETA Corporation,"May 25, 1990",Unreleased,Unreleased
Bakenou TV '94,Graphic Research,Asmik Ace Entertainment,"October 28, 1994",Unreleased,Unreleased
Bakenou V3,Graphic Research,Asmik Ace Entertainment,"December 17, 1993",Unreleased,Unreleased
Bakuchou Retrieve Master,TOSE,Konami,"October 15, 1998",Unreleased,Unreleased
Bakuchou Retsuden Shou: Hyper Fishing,,Starfish,"July 24, 1998",Unreleased,Unreleased
Balloon Kid,Pax Softnica,Nintendo,Unreleased,"October 5, 1990","January 31, 1991"
Banishing Racer,,Jaleco,"July 26, 1991",Unreleased,Unreleased
Barbie: Game Girl,Imagineering,Hi Tech Expressions,Unreleased,October 1992,1992
Bart Simpson's Escape from Camp DeadlyBart no Survival Camp JP,Imagineering,Acclaim NA/EUAcclaim Japan JP,"February 26, 1993",November 1991,1993
Baseball,Intelligent Systems,Nintendo,"April 21, 1989","July 31, 1989","September 28, 1990"
Bases LoadedBaseball Kids JP,TOSE,Jaleco,"March 15, 1990",July 1990,Unreleased
Bass Fishing Tatsujin Techou,,Starfish,"June 21, 1996",Unreleased,Unreleased
Batman Forever,Probe Entertainment Limited,Acclaim NA/EUAcclaim Japan JP,"October 27, 1995",August 1995,1995
Batman: Return of the Joker,Sunsoft,Sunsoft,"March 28, 1992",May 1992,1992
Batman: The Animated Series,Konami,Konami,Unreleased,November 1993,1993
Batman: The Video GameBatman JP,Sunsoft,Sunsoft,"April 13, 1990",June 1990,1990
Battle Arena ToshindenNettou Toshinden JP,Betop,Takara JPNintendo NALaguna EU,"March 22, 1996",November 1996,1996
Battle Bull,Jorudan,SETA Corporation,"November 30, 1990",January 1991,Unreleased
Battle City,Nova Games,Nova Games,"August 9, 1991",Unreleased,Unreleased
Battle Crusher,Sun L,Banpresto,"January 25, 1995",Unreleased,Unreleased
Battle Dodge Ball,Sun L,Banpresto,"October 16, 1992",Unreleased,Unreleased
Battle of Kingdom,Lenar,Meldac,"December 13, 1991",Unreleased,Unreleased
The Battle of Olympus,Radical Entertainment,Imagineer,Unreleased,Unreleased,1993
Battle Pingpong,Quest,Quest,"August 31, 1990",Unreleased,Unreleased
Battle Space,,Namco,"December 25, 1992",Unreleased,Unreleased
Battle Unit Zeoth,Jaleco,Jaleco,"December 21, 1990",July 1991,1991
BattleshipKaisen Game: Navy Blue JP,Pack-In-Video,Use Corporation JPMindscape NA/EU,"December 22, 1989",December 1992,1992
Battletoads,Rare,Tradewest NA/EUNCS JP,"January 7, 1994",November 1991,"February 25, 1993"
Battletoads & Double Dragon: The Ultimate Team,Rare,Tradewest NASony Imagesoft EU,Unreleased,December 1993,1993
Battletoads in Ragnarok's World,Rare,Tradewest,Unreleased,June 1993,1993
Beavis and Butt-head,Torus Games,GT Interactive Software,Unreleased,March 1999,1998
Beethoven: The Ultimate Canine Caper,Unexpected Development,Hi Tech Expressions,Unreleased,Unreleased,1994
Beetlejuice,Rare,LJN,Unreleased,January 1992,Unreleased
Best of the Best: Championship KarateThe Kick Boxing JP,Loriciels,Electro Brain NALoriciels EUMicro World JP,"March 19, 1993",December 1992,1992
Bikkuri Nekketsu Shin Kiroku! Dokodemo Kin Medal,Million Corp.,Technōs Japan,"July 16, 1993",Unreleased,Unreleased
Bill & Ted's Excellent Game Boy Adventure: A Bogus Journey!,Beam Software,LJN,Unreleased,August 1991,1991
Bill Elliott's NASCAR Fast Tracks,Distinctive Software,Konami,Unreleased,December 1991,Unreleased
Bionic BattlerVS Battler JP,Copya Systems,Use Corporation JPElectro Brain NA,"August 10, 1990",November 1992,Unreleased
Bionic Commando,Minakuchi Engineering,Capcom,"July 24, 1992",October 1992,1992
Bishoujo Senshi Sailor Moon,Arc System Works,Angel,"December 18, 1992",Unreleased,Unreleased
Bishoujo Senshi Sailor Moon R,Angel,Angel,"April 22, 1994",Unreleased,Unreleased
Black Bass: Lure FishingHyper Black Bass JP,Hot B,Hot B,"August 28, 1992",January 1994,Unreleased
Blades of SteelKonamic Ice Hockey JP,Konami,Ultra Games NAPalcom Software EUKonami JP,"November 27, 1992",August 1991,1991
Blaster Master BoyBlaster Master Jr. EUBomber King: Scenario 2 JP,Aicom,Sunsoft,"August 23, 1991",February 1992,1991
Block Kuzushi GB,OeRSTED,Pow,"December 29, 1995",Unreleased,Unreleased
Blodia,,Tonkin House,"April 20, 1990",Unreleased,Unreleased
The Blues Brothers,Titus Software,Titus Software,Unreleased,June 1992,"May 19, 1993"
The Blues Brothers: Jukebox Adventure,Titus Software,Titus Software,Unreleased,"December 16, 1994",1994
Bo Jackson: Two Games In One,Equilibrium,THQ,Unreleased,June 1991,Unreleased
Boggle Plus,Sculptured Software,Parker Brothers,Unreleased,February 1992,Unreleased
Bomb Jack,Bit Managers,Infogrames,Unreleased,Unreleased,1992
Bomberman GBBomberman GB 2 JP,Shimada Kikaku,Hudson Soft JPNintendo NA/EU,"August 10, 1995",April 1998,1998
Bomberman GB 3,A.I,Hudson Soft,"December 20, 1996",Unreleased,Unreleased
Bonk's AdventureGB Genjin JPB.C. Kid EU,,Hudson Soft,"November 27, 1992",December 1992,1992
Bonk's RevengeGB Genjin 2 JPB.C. Kid 2 EU,A.I,Hudson Soft,"October 21, 1994",November 1994,1994
Booby Boys,Nichibutsu,Nichibutsu,"June 25, 1993",Unreleased,Unreleased
Boomer's Adventure in ASMIK WorldTeke! Teke! Asmik-kun World JP,Dual,Asmik Ace Entertainment JPAsmik Corporation of America NA,"December 27, 1989",April 1990,Unreleased
Boulder Dash,Beam Software,Victor Interactive Software JPNintendo EU,"September 21, 1990",Unreleased,1990
BoxxleSoukoban JP,Atelier Double,Pony Canyon JPFCI NA/EU,"September 1, 1989",February 1990,1990
Boxxle IISoukoban 2 JP,Atelier Double,Pony Canyon JPFCI NA,"June 22, 1990",June 1992,Unreleased
Brain Drain,Visual Impact,Acclaim NAAcclaim Japan JPBandai EU,"July 31, 1998",March 1998,1998
BrainbenderMigrain JP,Gremlin Graphics,Electro Brain NAGremlin Graphics EUAcclaim Japan JP,"April 24, 1992",November 1991,1991
Bram Stoker's Dracula,Probe Entertainment Limited,Sony Imagesoft,Unreleased,September 1993,1993
BreakThru!,Realtime Associates,Spectrum HoloByte,Unreleased,January 1995,Unreleased
Bubble Bobble,Taito Corporation,Taito Corporation,"December 7, 1990",March 1991,1991
Bubble Bobble Part 2Bubble Bobble Junior JP,OLMTaito Corporation,Taito Corporation,"May 28, 1993",July 1993,1993
Bubble Ghost,Opera House,FCI NA/EUPony Canyon JP,"December 21, 1990",November 1990,1990
Bubsy II,Accolade,Telstar EUAccolade NA,Unreleased,August 1998,1994
The Bugs Bunny Crazy CastleMickey Mouse JP,Kotobuki Systems,Kemco,"September 5, 1989",March 1990,1990
The Bugs Bunny Crazy Castle 2Mickey Mouse II JPMickey Mouse EUHugo EU,Kotobuki Systems,Kemco Laguna EU,"April 26, 1991",September 1991,1992
Burai Fighter DeluxeBurai Senshi Deluxe JP,KID,Taito Corporation JPTaxan NA/EU,"June 27, 1990",January 1991,1991
BurgerTime Deluxe,Data East,Data East,"February 15, 1991",March 1991,1991
Burning Paper,Pixel,LOZC G. Amusements,"February 26, 1993",Unreleased,Unreleased
Bust-A-Move 2: Arcade EditionPuzzle Bobble GB JP,Probe Entertainment Limited,Acclaim NA/EUTaito Corporation JP,"April 10, 1998",February 1998,1998
Bust-a-Move 3 DX,Probe Entertainment Limited,Taito Corporation,Unreleased,Unreleased,1998
Buster BrothersPang EU,Hudson Soft,Hudson Soft,Unreleased,October 1993,1993
Caesars Palace,Magnin and Associates,Arcadia Systems NAOcean EUCoconuts Japan JP,"August 7, 1992",June 1991,1991
Capcom Quiz: Hatena? no Daibouken,,Capcom,"December 21, 1990",Unreleased,Unreleased
Captain America and The Avengers,Realtime Associates,Mindscape,Unreleased,February 1994,Unreleased
Captain Tsubasa J: Zenkoku Seiha Heno Chousen,,Bandai,"September 14, 1995",Unreleased,Unreleased
Captain Tsubasa VS,Graphic Research,Tecmo,"March 27, 1992",Unreleased,Unreleased
Card Game,Marionette,Coconuts Japan,"June 15, 1990",Unreleased,Unreleased
Casino FunPak,Beam Software,Interplay,Unreleased,January 1995,1995
Casper,Bonsai Entertainment,Natsume NALaguna EU,Unreleased,November 1996,1996
CastelianKyoro-Chan Land JP,Bits Studios,Triffix NAThe Sales Curve EUHiro JP,"October 30, 1992",May 1991,1991
Castle Quest,Hudson Soft,Hudson Soft,Unreleased,Unreleased,1993
Castlevania II: Belmont's RevengeDracula Densetsu II JP,Konami,Konami,"July 12, 1991",August 1991,"November 26, 1992"
Castlevania LegendsAkumajo Dracula Shikkokutaru Zensoukyoku JP,KCE Nagoya,Konami,"November 27, 1997","March 11, 1998",1998
Castlevania: The AdventureDracula Densetsu JP,Konami,Konami,"October 27, 1989","December 15, 1989",1990
CatrapPitman JP,Asmik Ace Entertainment,ASK Kodansha JPAsmik Ace Entertainment NA,"June 1, 1990",September 1990,Unreleased
Cavenoire,Konami,Konami,"April 19, 1991",Unreleased,Unreleased
Centipede,Accolade,Accolade,Unreleased,December 1992,1992
Chacha-Maru Panic,,Human Entertainment,"April 19, 1991",Unreleased,Unreleased
Chachamaru Boukenki 3: Abyss no Tou,,Human Entertainment,"August 2, 1991",Unreleased,Unreleased
Chalvo 55,Japan System Supply,Japan System Supply,"February 21, 1997",Unreleased,Unreleased
Championship Pool,Bitmasters,Mindscape,Unreleased,November 1993,Unreleased
Chase H.Q.Taito Chase H.Q. JP,Bits Studios,Taito Corporation NA/JPBandai EU,"January 11, 1991",December 1990,1991
The Chessmaster,Park Place Productions,Hi Tech Expressions NANintendo EUAltron JP,"October 28, 1994",January 1991,1992
Chibi Maruko-Chan 2 : Deluxe Maruko World,KID,Takara,"September 13, 1991",Unreleased,Unreleased
Chibi Maruko-Chan 3 : Mezase! Game Taishou no Maki,KID,Takara,"March 27, 1992",Unreleased,Unreleased
Chibi Maruko Chan 4: Korega Nihon Dayo Ouji Sama,KID,Takara,"August 7, 1992",Unreleased,Unreleased
Chibi Maruko Chan: Maruko Deluxe Gekijou,KID,Takara,"May 26, 1995",Unreleased,Unreleased
Chibi Maruko Chan: Okuzukai Daisakusen,KID,Takara,"December 7, 1990",Unreleased,Unreleased
Chiki Chiki Machine Mō Race,,Atlus,"March 27, 1992",Unreleased,Unreleased
Chiki Chiki Tengoku,,J-Wing,"April 28, 1995",Unreleased,Unreleased
Chikyū Kaihō Gun ZAS,T&E Soft,T&E Soft,"December 18, 1992",Unreleased,Unreleased
Choplifter II,Beam Software,Victor Interactive Software JPJVC Musical Industries NA/EU,"June 21, 1991",September 1991,1991
Choplifter III,Teeny Weeny Games,Ocean,Unreleased,Unreleased,1994
Chou Majin Eiyuuden: Wataru Mazekko Monster,Alpha Unit,Banpresto,"December 12, 1997",Unreleased,Unreleased
Chou Majin Eiyuuden: Wataru Mazekko Monster 2,Alpha Unit,Banpresto,"August 7, 1998",Unreleased,Unreleased
Chousoku Spinner,,Hudson Soft,"September 18, 1998",Unreleased,Unreleased
Chuck Rock,Spidersoft,Sony Imagesoft,Unreleased,December 1993,1993
Cliffhanger,Spidersoft,Sony Imagesoft,Unreleased,December 1993,1993
Collection Pocket,,Naxat Soft,"November 21, 1997",Unreleased,Unreleased
College Slam,Iguana Entertainment,Acclaim,Unreleased,March 1996,Unreleased
Contra: The Alien WarsContra Spirits JPProbotector 2 EU,Factor 5,Konami,"September 23, 1994",October 1994,1995
Cool BallPop Up EU,Bit Managers,Infogrames EUTakara NA,Unreleased,August 1994,1992
Cool Hand,Tarantula Studios,Take-Two Interactive,Unreleased,Unreleased,1998
Cool Spot,NMS Software,Virgin Interactive,Unreleased,October 1994,1994
Cool World,Ocean,Ocean,Unreleased,June 1993,1993
Cosmo Tank,Asuka Technologies,Atlus,"June 8, 1990",September 1990,Unreleased
Crayon Shin-Chan 2: Ora to Wanpaku Gokko Dazo,TOSE,Banalex,"October 22, 1993",Unreleased,Unreleased
Crayon Shin-Chan 3: Ora no Gokigen Athletic,TOSE,Bandai,"March 26, 1994",Unreleased,Unreleased
Crayon Shin-Chan 4: Ora no Itazura Dai Henshin,TOSE,Bandai,"August 26, 1994",Unreleased,Unreleased
Crayon Shin-Chan: Ora no Gokigen Collection,TOSE,Bandai,"December 20, 1996",Unreleased,Unreleased
Crayon Shin-Chan: Ora to Shiro ha Otomodachi Dayo,TOSE,Bandai,"April 9, 1993",Unreleased,Unreleased
Crystal Quest,NovaLogic,Data East,Unreleased,September 1991,Unreleased
Cult Jump,Sun L,Bandai,"September 10, 1993",Unreleased,Unreleased
Cultmaster: Ultraman ni Miserarete,Minato Giken,Bandai,"March 12, 1993",Unreleased,Unreleased
Cutthroat Island,Software Creations,Acclaim,Unreleased,January 1996,1996
CyraidBakuretsu Senshi Warrior JP,Epoch & SAS Sakata,Epoch JPNexoft NA,"April 13, 1990",March 1991,Unreleased
Daedalian OpusBouken! Puzzle Road JP,Vic Tokai,Vic Tokai,"April 20, 1990",July 1990,Unreleased
Daffy Duck: The Marvin MissionsDaffy Duck EULooney Tunes Series: Daffy Duck JP,Sunsoft,Sunsoft,"September 30, 1994",January 1995,1995
Dainiji Super Robot Taisen G,Winkysoft,Banpresto,"June 30, 1995",Unreleased,Unreleased
Daikaijū Monogatari: Miracle of the Zone,Birthday,Hudson Soft,"March 5, 1998",Unreleased,Unreleased
Daiku no Gen-san: Robot Teikoku no Yabou,,Irem,"March 25, 1994",Unreleased,Unreleased
Daisenryaku,,Hiro,"June 12, 1991",Unreleased,Unreleased
Darkman,,Ocean,Unreleased,December 1992,1992
Darkwing Duck,Make Software,Capcom,Unreleased,February 1993,1993
David Crane's The Rescue of Princess BlobetteFushigi na Blobby: Princess Blob wo Tsukue! JP,Imagineering,Jaleco JPAbsolute Entertainment NANintendo EU,"November 9, 1990",May 1991,1991
Days of Thunder,Argonaut Games,Mindscape,Unreleased,February 1992,1992
Dead Heat Scramble,Copya System,Copya System JPElectro Brain NA,"April 20, 1990",December 1990,Unreleased
Dennis the MenaceDennis EU,Ocean,Ocean,Unreleased,February 1994,1994
Desert Strike: Return to the Gulf,Ocean,Malibu Games NAOcean Software EU,Unreleased,February 1995,1995
DexterityFunny Field JP,SNK,SNK,"June 15, 1990",July 1990,1990
Dick Tracy,Realtime Associates,Bandai,Unreleased,December 1991,Unreleased
Dig Dug,Now Production,Namco,Unreleased,September 1992,1992
Dino Breeder,Digital Kids,J-Wing,"August 22, 1997",Unreleased,Unreleased
Dino Breeder 2,,J-Wing,"June 5, 1998",Unreleased,Unreleased
Dirty Racing,Gremlin Graphics,Jaleco,"January 8, 1993",Unreleased,Unreleased
Dodge Boy,TOSE,Tonkin House,"December 6, 1991",Unreleased,Unreleased
Donkey Kong,Pax Softnica,Nintendo,"June 14, 1994","June 28, 1994","September 24, 1994"
Donkey Kong LandSuper Donkey Kong GB JP,Rare,Nintendo,"July 27, 1995","June 26, 1995","August 24, 1995"
Donkey Kong Land 2Donkey Kong Land JP,Rare,Nintendo,"November 23, 1996",September 1996,"November 28, 1996"
Donkey Kong Land III,Rare,Nintendo,Unreleased,"October 27, 1997","October 30, 1997"
Doraemon 2: Animal Wakusei Densetsu,Agenda,Epoch,"December 19, 1992",Unreleased,Unreleased
Doraemon Kart,Epoch,Epoch,"March 20, 1998",Unreleased,Unreleased
Doraemon no GameBoy de Asobouyo DX10,Epoch,Epoch,"November 27, 1998",Unreleased,Unreleased
Doraemon no Study Boy 1: Shouichi Koguko Kanji,,Epoch,1997,Unreleased,Unreleased
Doraemon no Study Boy 2: Shouichi Sansuu Keisan,,Epoch,1997,Unreleased,Unreleased
Doraemon no Study Boy 3: Ku Ku Master,,Epoch,1997,Unreleased,Unreleased
Doraemon no Study Boy 4: Shouni Kokugo Kanji,,Epoch,1997,Unreleased,Unreleased
Doraemon no Study Boy 5: Shouni Sansuu Keisan,,Epoch,1997,Unreleased,Unreleased
Doraemon no Study Boy 6: Gakushuu Kanji Master 1006,,Epoch,1998,Unreleased,Unreleased
Doraemon: Taiketsu Himitsu Dogu!!,Epoch & SAS Sakata,Epoch,"March 1, 1991",Unreleased,Unreleased
Double Dragon,Technōs Japan,Technōs Japan JPTradewest NANintendo EU,"July 20, 1990",August 1990,1990
Double Dragon 3: The Arcade Game,The Sales Curve,Acclaim,Unreleased,August 1992,1992
Double Dragon IINekketsu Kouha Kunio-Kun: Bangai Rantouhen JP,Technōs Japan,Technōs Japan JPAcclaim NA/EU,"December 7, 1990",December 1991,1991
Double Dribble: 5 on 5Konamic Basket JPHyperDunk EU,Konami,Konami,"September 25, 1992",December 1991,1994
Double Yakuman,Imagesoft,VAP,"March 19, 1993",Unreleased,Unreleased
Double Yakuman II,Imagesoft,VAP,"September 17, 1993",Unreleased,Unreleased
Double Yakuman Jr.,Imagesoft,VAP,"August 19, 1993",Unreleased,Unreleased
Downtown Nekketsu Koushinkyoku: Dokodemo Daiundoukai,Million Corp.,Technōs Japan,"July 24, 1992",Unreleased,Unreleased
Downtown Special: Kunio-Kun no Jidaigeki Dayo Zenin Shuugou!,Technōs Japan,Technōs Japan,"December 22, 1993",Unreleased,Unreleased
Dr. Franken,MotiveTime,Kemco JP/NAElite Systems EU,"December 18, 1992",December 1992,1992
Dr. Franken II,MotiveTime,Jaleco NAElite Systems EU,Unreleased,October 1997,1997
Dr. Mario,Nintendo,Nintendo,"July 27, 1990",December 1990,"April 30, 1991"
Dragon Ball Z: Goku Gekitouden,"BEC Co., Ltd (Bandai Entertainment Company)",Bandai,"August 25, 1995",Unreleased,Unreleased
Dragon Ball Z: Goku Hishouden,"BEC Co., Ltd (Bandai Entertainment Company)",Bandai,"November 25, 1994",Unreleased,Unreleased
Dragon Slayer Gaiden: Nemuri no Oukan,Falcom,Epoch,"March 6, 1992",Unreleased,Unreleased
Dragon Slayer I,Falcom,Epoch,"August 12, 1990",Unreleased,Unreleased
Dragon's Lair: The LegendDragon's Lair JP,MotiveTime,Ubisoft NAEpic/Sony Records JPElite Systems EU,"October 25, 1991",January 1991,1991
DragonHeart,Torus Games,Acclaim,Unreleased,May 1996,October 1996
Dropzone,Eurocom,Mindscape,Unreleased,Unreleased,1992
DuckTales,Capcom,Capcom,"September 21, 1990",November 1990,1991
DuckTales 2,Make Software,Capcom,"December 3, 1993",November 1993,1993
Dungeon Land,Random House,Enix,"December 15, 1992",Unreleased,Unreleased
DX Bakenou Z,Graphic Research,Asmik Ace Entertainment,"April 17, 1992",Unreleased,Unreleased
Earthworm Jim,Eurocom,Playmates Interactive,Unreleased,September 1995,1995
Eijukugo Target 1000,C-Lab,Imagineer,"March 28, 1997",Unreleased,Unreleased
Eiken 2-Kyuu Level no Kaiwa Hyuugen 333,,Imagineer,"October 31, 1997",Unreleased,Unreleased
Eitango Target 1900,C-Lab,Imagineer,"December 13, 1996",Unreleased,Unreleased
Elevator Action,,Taito Corporation,"August 9, 1991",December 1991,1991
Elite SoccerWorld Cup Striker JPSoccer EU,Denton Designs,Coconuts Japan JPGameTek NA/EU,"June 17, 1994",August 1994,1994
Extra BasesFamista JP,Namco,Namco JPBandai NA,"September 14, 1990",April 1991,Unreleased
F-1 Race,Nintendo,Nintendo,"November 9, 1990","February 3, 1991","October 10, 1991"
F-15 Strike Eagle,NMS Software,MicroProse,Unreleased,June 1993,1993
F1 Pole PositionSatoru Nakajima Kanshuu F-1 Hero GB '92: The Graded Driver JP,Natsu System,Varie JPUbisoft NA,"August 11, 1992",December 1993,1993
Faceball 2000,Xanth Software,Bullet-Proof Software,Unreleased,December 1991,Unreleased
Family Jockey,Use Corporation,Namco,"March 29, 1991",Unreleased,Unreleased
Family Jockey 2: Meiba no Kettou,Use Corporation,Namco,"August 27, 1993",Unreleased,Unreleased
Famista 2,,Namco,"July 30, 1992",Unreleased,Unreleased
Famista 3,,Namco,"October 29, 1993",Unreleased,Unreleased
Fastest Lap,KID,VAP JPNTVIC NA,"March 20, 1991",February 1992,Unreleased
Felix the Cat,,Hudson Soft NASony Electronics EU,Unreleased,July 1993,1993
Ferrari Grand Prix ChallengeFerrari JP,System 3NMS Software,Acclaim NA/EUCoconuts Japan JP,"November 13, 1992",September 1992,1992
The Fidgetts,Game Over,Elite Systems EUCoconuts Japan JPJaleco NA,"April 22, 1994",October 1997,1993
FIFA International Soccer,Probe Entertainment Limited,Malibu Games,Unreleased,February 1995,1995
FIFA Soccer 96,Probe Entertainment Limited,Black Pearl Software,Unreleased,December 1995,1996
FIFA Soccer 97FIFA 97 EU,Tiertex Design Studios,Black Pearl Software,Unreleased,November 1996,1997
FIFA: Road to World Cup 98,Tiertex Design Studios,THQ,Unreleased,December 1997,1998
Fighting Simulator: 2-in-1 Flying WarriorsHiryu no Ken Gaiden JP,Culture Brain,Culture Brain,"December 22, 1990",April 1992,1992
Final Fantasy AdventureSeiken Densetsu: Final Fantasy Gaiden JPMystic Quest EU,Square,Square,"June 28, 1991",November 1991,1993
The Final Fantasy LegendMakai Toushi SaGa JP,Square,Square,"December 15, 1989","September 30, 1990",Unreleased
Final Fantasy Legend IISaGa 2: Hihou Densetsu JP,Square,Square,"December 14, 1990",November 1991,Unreleased
Final Fantasy Legend IIISaGa 3: Jikuu no Hasha JP,Square,Square,"December 13, 1991",August 1993,Unreleased
Final Reverse,Shouei System,Toei Animation,"April 12, 1991",Unreleased,Unreleased
Fire Fighter,Teeny Weeny Games,Mindscape,Unreleased,Cancelled,1992
Fish DudeUoozu JP,Salio,Towa Chiki JPSOFEL NA,"October 5, 1990",April 1991,Unreleased
Fist of the North Star: 10 Big Brawls for the King of UniverseHokuto no Ken: Seizetsu Juuban Shoubu JP,Shouei System,Toei Animation JPElectro Brain NA,"December 22, 1989",April 1990,Unreleased
Flappy Special,,Victor Interactive Software,"March 23, 1990",Unreleased,Unreleased
The Flash,Equilibrium,THQ,Unreleased,March 1992,1991
Fleet Commander Vs.,,ASCII Corporation,"August 2, 1991",Unreleased,Unreleased
The Flintstones,Twilight,Ocean,Unreleased,December 1994,1994
The Flintstones: King Rock Treasure Island,Taito Corporation,Taito Corporation,Unreleased,February 1993,1993
Flipull: An Exciting Cube Game,Taito Corporation,Taito Corporation,"March 16, 1990",April 1990,Unreleased
Football InternationalSoccer JP,TOSE,Tonkin House JPBandai EU,"June 7, 1991",Unreleased,1991
Foreman for Real,Software Creations,Acclaim,"October 27, 1995",September 1995,1995
Fortified ZoneIkari no Yousai JP,Jaleco,Jaleco,"February 26, 1991",September 1991,1991
Frank Thomas Big Hurt Baseball,Realtime Associates,Acclaim,Unreleased,December 1995,1996
"Franky, Joe & Dirk: On The Tiles",Audio Visual Magic,Elite Systems,Unreleased,Unreleased,1993
Frisky Tom,,Nichibutsu,"July 14, 1995",Unreleased,Unreleased
Frogger,Majesco Sales,Majesco Sales,Unreleased,August 1998,Unreleased
Fushigi no Dungeon: Furai no Shiren GB: Tsukikagemura no Kaibutsu,Chunsoft,Chunsoft,"November 22, 1996",Unreleased,Unreleased
G-Arms: Operation Gundam,,Bandai,"May 18, 1991",Unreleased,Unreleased
G1 King! 3-Hitsu no Yosouya,Graphic Research,Vic Tokai,"March 26, 1993",Unreleased,Unreleased
Gakken Kanyouku: Kotowaza 210,,Imagineer,"January 30, 1998",Unreleased,Unreleased
Gakken Rekishi 512,Sun-Tec,Imagineer,"May 29, 1998",Unreleased,Unreleased
Gakken Shiaza Jukugo 288,,Imagineer,"January 30, 1998",Unreleased,Unreleased
Game & Watch GalleryGame Boy Gallery JP,Nintendo,Nintendo,"February 1, 1997",May 1997,"August 28, 1997"
Game Boy Gallery,TOSE,Nintendo,Unreleased,Unreleased,"April 27, 1995"
Game Boy Gallery 2,TOSE,Nintendo,"September 27, 1997",Unreleased,Unreleased
Game Boy Wars,Intelligent Systems,Nintendo,"May 21, 1991",Unreleased,Unreleased
Game Boy Wars Turbo,,Hudson Soft,"June 27, 1997",Unreleased,Unreleased
Game de Hakken!! Tamagotchi 2,Tom Create,Bandai,"October 17, 1997",Unreleased,Unreleased
Game de Hakken!! Tamagotchi Osucchi to Mesucchi,Tom Create,Bandai,"January 15, 1998",Unreleased,Unreleased
The Game of Harmony,The Code Monkeys,Accolade,Unreleased,February 1991,Unreleased
Gamera: Daikaijuu Kuuchuu Kessen,KID,Angel,"March 3, 1995",Unreleased,Unreleased
Ganbare Goemon: Sarawareta Ebisumaru!,Konami,Konami,"December 25, 1991",Unreleased,Unreleased
Ganso!! Yancha-Maru,,Irem,"July 11, 1991",Unreleased,Unreleased
Gargoyle's Quest: Ghosts 'n GoblinsRed Arremer: Makaimura Gaiden JP,Capcom,Capcom,"May 2, 1990",July 1990,1991
Gauntlet II,Eastridge Technology,Mindscape,Unreleased,September 1991,1991
GB Genjin Land: Viva! Chikkun Ōkoku,A.I,Hudson Soft,"April 22, 1994",Unreleased,Unreleased
GB Pachi-Slot Hisshouhou Jr.,,Sammy Corporation,"July 29, 1994",Unreleased,Unreleased
Gear Works,Teque Interactive,Sony Imagesoft,Unreleased,October 1993,1993
Gegege no Kitarou: Youkai Souzoushu Arawaru!,Act Japan,Bandai,"December 13, 1996",Unreleased,Unreleased
Gekitou Power Modeler,Japan System Supply,Capcom,"November 27, 1998",Unreleased,Unreleased
Gem Gem,Graphic Research,Vic Tokai,"March 29, 1991",Unreleased,Unreleased
Genjin Kotts,KID,B-AI,"March 24, 1995",Unreleased,Unreleased
Genki Bakuhatsu Ganbaruger,Sun L,Tomy,"November 27, 1992",Unreleased,Unreleased
George Foreman's KO Boxing,Beam Software,Acclaim,Unreleased,September 1992,1992
Gerry Anderson's Thunderbirds,KID,B-AI,"February 12, 1993",Unreleased,Unreleased
The Getaway: High Speed II,Unexpected Development,Williams,Unreleased,December 1995,Unreleased
Ghostbusters IIGhostbusters 2 JP,HAL Laboratory,Activision EU/NAHAL Laboratory JP,"October 16, 1990",December 1990,1991
Ginga,Hot B,Hot B,"December 14, 1990",Unreleased,Unreleased
Go Go Ackman,,Banpresto,"August 25, 1995",Unreleased,Unreleased
Go! Go! Hitchhike,Ocarina System,J-Wing,"July 10, 1998",Unreleased,Unreleased
Go! Go! Tank,Copya Systems,Copya Systems JPElectro Brain NA,"November 30, 1990",May 1991,Unreleased
Goal!J.Cup Soccer JPTakeda Nobuhiro no Ace Striker JP,TOSE,Jaleco,"July 23, 1993",August 1993,1993
God Medicine: Fantasy Sekai no Tanjou,KCE Nagoya,Konami,"July 20, 1993",Unreleased,Unreleased
GodzillaGojira-kun: Kaiju Daikoshin JP,Compile,Toho NA/JPNintendo EU,"December 18, 1990",October 1990,1991
Golf,Nintendo,Nintendo,"November 28, 1989",February 1990,1990
Gradius: The Interstellar AssaultNemesis II JPNemesis II: The Return of the Hero EU,Konami,Konami,"August 9, 1991",January 1992,1992
Grander Musashi RV,TOSE,Bandai,"July 24, 1998",Unreleased,Unreleased
Great GreedBitamīna Oukoku Monogatari JP,Namco,Namco,"September 17, 1992",April 1993,Unreleased
Gremlins 2: The New Batch,Sunsoft,Sunsoft,"December 21, 1990",January 1991,"April 23, 1992"
HAL WrestlingPro Wrestling JP,Human Entertainment,Human Entertainment JPHAL Laboratory NA,"September 14, 1990",December 1990,Unreleased
Hammerin' Harry: Ghost Building CompanyDaiku no Gen-san: Ghost Building Company JP,Tamtex,Irem,"July 31, 1992",Cancelled,1993
Harvest Moon GBBokujou Monogatari GB JP,Victor Interactive Software,Victor Interactive Software JPNatsume NA,"December 19, 1997",August 1998,Unreleased
Hatris,Bullet-Proof Software,Bullet-Proof Software,"July 19, 1991",May 1991,Unreleased
Hayaoshi Quiz: Ouza Ketteisen,,Jaleco,"July 31, 1998",Unreleased,Unreleased
Heavyweight Championship BoxingBoxing JP,TOSE,Tonkin House JPActivision NA,"May 18, 1990",September 1990,Unreleased
Heiankyo Alien,Hyperware,Meldac,"January 14, 1990",April 1990,Unreleased
Heisei Tensai Bakabon,,Namco,"February 28, 1992",Unreleased,Unreleased
Heracles no Eikō: Ugokidashita Kamigami,Data East & SAS Sakata,Data East,"December 27, 1992",Unreleased,Unreleased
Hercules,Tiertex Design Studios,THQ,Unreleased,July 1997,1997
Hero Shugo!! Pinball Party,,Jaleco,"January 12, 1990",Unreleased,Unreleased
Hiden Inyo Kikoho: Ca Da,,Yonezawa PR21,"November 22, 1991",Unreleased,Unreleased
Higashio Osamu Kanshuu Pro Yakyuu Stadium '91,,Tokuma Shoten,"August 9, 1991",Unreleased,Unreleased
Higashio Osamu Kanshuu Pro Yakyuu Stadium '92,,Tokuma Shoten,"July 17, 1992",Unreleased,Unreleased
High Stakes Gambling,Sculptured Software,Electro Brain,Unreleased,June 1992,Unreleased
Hit the Ice,Williams,Taito Corporation,Unreleased,October 1992,Unreleased
Hitori de Dekirumon! Cooking Densetsu,Jorudan,VAP,"December 18, 1992",Unreleased,Unreleased
Home Alone,Imagineering,THQ NA/EUAltron JP,"June 26, 1992",November 1991,1991
Home Alone 2: Lost in New York,Imagineering,THQ,Unreleased,October 1992,1992
Hon Shogi,,Imagineer,"November 25, 1994",Unreleased,Unreleased
Hong Kong,Onion Software,Tokuma Shoten,"August 11, 1990",Unreleased,Unreleased
Honmei Boy,,Nichibutsu,"October 7, 1994",Unreleased,Unreleased
Honō no Dōkyūji: Dodge Danpei,,Hudson Soft,"April 24, 1992",Unreleased,Unreleased
Hook,Painting by Numbers,Sony Imagesoft JP/NAOcean EU,"April 3, 1992",April 1992,1992
Hudson Hawk,Ocean,Sony Imagesoft NAEpic/Sony Records JP,"March 13, 1992",December 1991,Unreleased
Hugo 2,Bit Managers,Laguna,Unreleased,Unreleased,1997
The Humans,Imagitec Design,GameTek,Unreleased,December 1992,1993
The Hunchback of Notre Dame,Tiertex Design Studios,THQ,Unreleased,March 1997,1997
The Hunt for Red October,Beam Software,Hi Tech Expressions NA/EUAltron JP,"April 28, 1992",May 1991,"June 11, 1992"
Hyper Black Bass '95,,Black Label Games,"October 20, 1995",Unreleased,Unreleased
Hyper Lode Runner: The Labyrinth of DoomHyper Lode Runner JP,TOSE,Bandai,"September 21, 1989",February 1990,1990
Ikari no Yousai 2,,Jaleco,"February 21, 1992",Unreleased,Unreleased
In Your Face,Jaleco,Jaleco,Unreleased,December 1990,Unreleased
The Incredible Crash Dummies,Software Creations,LJN,Unreleased,November 1992,1992
Indiana Jones and the Last CrusadeIndiana Jones: Saigo no Seisen JP,NMS Software,Ubisoft NA/EUCoconuts Japan JP,"December 23, 1994",July 1994,1994
Un Indien Dans La Ville,Titus Software,Titus Software,Unreleased,Unreleased,1995
InfoGenius Productivity Pak: Berlitz French Translator,Imagineering,GameTek,Unreleased,September 1991,1991
InfoGenius Productivity Pak: Berlitz Spanish Translator,Imagineering,GameTek,Unreleased,September 1991,1991
InfoGenius Productivity Pak: Frommer's Travel Guide,NovaLogic,GameTek,Unreleased,September 1991,Unreleased
InfoGenius Productivity Pak: Personal Organizer and Phone Book,Imagineering,GameTek,Unreleased,September 1991,1991
InfoGenius Productivity Pak: Spell Checker and Calculator,Imagineering,GameTek,Unreleased,September 1991,Unreleased
Initial D Gaiden,MTO,Kodansha,"March 6, 1998",Unreleased,Unreleased
International Superstar SoccerWorld Soccer GB JP,KCE Nagoya,Konami,"June 4, 1998",October 1998,1998
Ippatsu Gyakuten: DX Bakenou,Graphic Research,Asmik Ace Entertainment,"May 17, 1991",Unreleased,Unreleased
Iron Man and X-O Manowar in Heavy Metal,Realtime Associates,Acclaim,Unreleased,August 1996,Unreleased
Ishida Masao no Tsumego Paradise,,Pony Canyon,"December 21, 1990",Unreleased,Unreleased
Ishido: The Way of Stones,Nexoft,ASCII Corporation JPNexoft NA,"August 2, 1990",November 1990,Unreleased
Itsudemo! Nyan to Wonderful,Yoshidayama Workshop,Banpresto,"June 26, 1998",Unreleased,Unreleased
J-League Fighting Soccer: The King of Ace Strikers,Graphic Research,IGS,"December 27, 1992",Unreleased,Unreleased
J-League Live '95,Graphic Research,Electronic Arts Victor,"April 21, 1995",Unreleased,Unreleased
J-League Supporter Soccer,,J-Wing,"June 26, 1998",Unreleased,Unreleased
J-League Winning Goal,Graphic Research,Electronic Arts Victor,"April 2, 1994",Unreleased,Unreleased
Jack Nicklaus Golf,Sculptured Software,Tradewest,Unreleased,May 1992,1992
James Bond 007,Saffire,Nintendo,Unreleased,"February 9, 1998","January 29, 1998"
Janken Man,,NCS,"December 27, 1991",Unreleased,Unreleased
Janshirou,,Sammy Corporation,"March 27, 1992",Unreleased,Unreleased
Janshirou II: Sekai Saikyou no Janshi,,Sammy Corporation,"March 18, 1994",Unreleased,Unreleased
Jantaku Boy,,Namco,"January 24, 1992",Unreleased,Unreleased
Jeep Jamboree: Off Road Adventure,Gremlin Graphics,Virgin Interactive,Unreleased,July 1992,Unreleased
Jelly Boy,Probe Entertainment Limited,Ocean,Unreleased,Unreleased,1994
Jeopardy!,Data Design Interactive,GameTek,Unreleased,March 1991,Unreleased
Jeopardy! Platinum Edition,Data Design Interactive,GameTek,Unreleased,December 1996,Unreleased
Jeopardy! Sports Edition,Data Design Interactive,GameTek,Unreleased,May 1994,Unreleased
Jeopardy! Teen Tournament,Data Design Interactive,GameTek,Unreleased,December 1996,Unreleased
The Jetsons: Robot Panic,Act Japan,Taito Corporation,Unreleased,October 1992,"April 29, 1993"
Jikuu Senki Mu,,Hudson Soft,"September 13, 1991",Unreleased,Unreleased
Jimmy Connors TennisJimmy Connors no Pro Tennis Tour JPYannick Noah Tennis EU,NMS Software,Misawa JPUbisoft NA/EU,"July 23, 1993",May 1998,1993
Jinsei Game,,Takara,"June 23, 1995",Unreleased,Unreleased
Jinsei Game Densetsu,,Takara,"June 28, 1991",Unreleased,Unreleased
Joe & MacJoe & Mac: Caveman Ninja EU,MotiveTime,Data East NAElite Systems EU,Unreleased,June 1993,1993
Jordan vs. Bird: One on OneMichael Jordan: One on One JP,Imagineering,Electronic Arts NA/EUElectronic Arts Victor JP,"July 16, 1993",February 1992,1992
Judge Dredd,Probe Entertainment Limited,Acclaim NA/EUAcclaim Japan JP,"October 27, 1995",June 1995,1995
The Jungle Book,Eurocom,Virgin Interactive,Unreleased,August 1994,1994
Jungle no Ouja Tar-chan,Sun L,Bandai,"July 29, 1994",Unreleased,Unreleased
Jungle Strike,Ocean,Malibu Games NAOcean EU,Unreleased,June 1995,1995
Jungle Wars,Atelier Double,Pony Canyon,"June 21, 1991",Unreleased,Unreleased
Jurassic Park,Ocean,Ocean,Unreleased,August 1993,1993
Jurassic Park Part 2: The Chaos Continues,Ocean,Ocean,Unreleased,December 1994,1995
Kaeru no Tame ni Kane wa Naru,Intelligent Systems,Nintendo,"September 14, 1992",Unreleased,Unreleased
Kaijū-ō Godzilla,,Bandai,"December 17, 1993",Unreleased,Unreleased
Kaisen Game: Navy Blue 90,Use Corporation,Use Corporation,"December 7, 1990",Unreleased,Unreleased
Kamen Rider SD: Hashire! Mighty Riders,,Yutaka,"August 20, 1993",Unreleased,Unreleased
Kandume Monsters,,I'Max,"March 27, 1998",Unreleased,Unreleased
Karakuri Kengou Den Musashi Lord,TOSE,Yutaka,"April 27, 1991",Unreleased,Unreleased
Karamuchou no Daijiken,Freeqsoft,Starfish,"December 19, 1997",Unreleased,Unreleased
Kaseki Sousei Reborn,Freeqsoft,Starfish,"July 17, 1998",Unreleased,Unreleased
Katsuba Yosou Keiba Kizoku,,King Records,"August 27, 1993",Unreleased,Unreleased
Katsuba Yosou Keiba Kizoku EX '94,,King Records,"July 29, 1994",Unreleased,Unreleased
Katsuba Yosou Keiba Kizoku EX '95,,King Records,"April 14, 1995",Unreleased,Unreleased
Kattobi Road,Now Production,Namco,"October 8, 1993",Unreleased,Unreleased
Keitai Keiba Eight Special,,Imagineer,"November 18, 1994",Unreleased,Unreleased
"Ken Griffey, Jr. Presents Major League Baseball",Software Creations,Nintendo,Unreleased,"July 17, 1997",1997
Kenyuu Densetsu Yaiba,,Banpresto,"March 25, 1994",Unreleased,Unreleased
Kibihara Hinshutsu Eibunpou: Gohou Mondai 1000,Sun-Tec,Imagineer,"April 22, 1998",Unreleased,Unreleased
Kid DraculaAkumajou Special: Boku Dracula-kun JP,Konami,Konami,"January 3, 1993",March 1993,1993
Kid Icarus: Of Myths and Monsters,TOSE,Nintendo,Unreleased,"November 5, 1991","May 21, 1992"
Kikou Keisatsu Metal Jack,KID,Takara,"January 8, 1992",Unreleased,Unreleased
Killer Instinct,Rare,Nintendo,Unreleased,November 1995,November 1995
The King of Fighters '95Nettou The King of Fighters '95 JP,SNK,Takara JPNintendo NALaguna EU,"April 26, 1996",February 1997,1997
The King of Fighters: Heat of BattleNettou The King of Fighters '96 JP,SNK,Takara JPLaguna EU,"August 8, 1997",Unreleased,1998
Kingdom CrusadeThe Legend of Prince Valiant EU,Sculptured Software,Ocean EUElectro Brain NA,Unreleased,November 1992,1991
Kingyo Chuuihou! 2 Gyopichan o Sagase!,KID,B-AI,"November 27, 1992",Unreleased,Unreleased
Kingyo Chuuihou! Wapiko no Waku Waku Stamp Rally!,Tom Create,Yutaka,"December 14, 1991",Unreleased,Unreleased
Kininkou Maroku Oni,Winkysoft,Banpresto,"December 8, 1990",Unreleased,Unreleased
Kinnikuman: The Dream Match,,Yutaka,"September 12, 1992",Unreleased,Unreleased
Kirby's Block Ball,HAL Laboratory,Nintendo,"December 14, 1995",May 1996,1995
Kirby's Dream LandHoshi no Kabi JP,HAL Laboratory,Nintendo,"April 24, 1992","August 1, 1992","August 3, 1992"
Kirby's Dream Land 2Hoshi no Kabi 2 JP,HAL Laboratory,Nintendo,"March 21, 1995","May 1, 1995","July 31, 1995"
Kirby's Pinball LandKirby no Pinball JP,HAL Laboratory,Nintendo,"November 27, 1993",November 1993,1993
Kirby's Star StackerKirby no Kirakira Kids JP,HAL Laboratory,Nintendo,"January 25, 1997",April 1997,"August 28, 1997"
Kitchen Panic,Bits Laboratory,Coconuts Japan,"May 10, 1991",Unreleased,Unreleased
Kiteretsu Daihyakka: Bouken Ouedo Juraki,,Video System,"July 15, 1994",Unreleased,Unreleased
Kizuchida Quiz da Gen-San Da!,Tamtex,Irem,"December 18, 1992",Unreleased,Unreleased
Klax,Hudson Soft,Hudson Soft,"December 14, 1990",Unreleased,Unreleased
Klax,Eastridge Technology,Mindscape,Unreleased,July 1991,1991
Knight Quest,Lenar,Taito Corporation,"September 13, 1991",July 1992,Unreleased
Koi Wa Kakehiki,Graphic Research,Pony Canyon,"July 21, 1991",Unreleased,Unreleased
Konami GB Collection Vol. 2,TOSE,Konami,"December 11, 1997",Unreleased,Unreleased
Konami GB Collection Vol. 3,TOSE,Konami,"February 19, 1998",Unreleased,Unreleased
Konami GB Collection Vol. 4,TOSE,Konami,"March 19, 1998",Unreleased,Unreleased
Konchuu Hakase,Ocarina System,J-Wing,"August 28, 1998",Unreleased,Unreleased
Koro Dice,A-Wave,King Records,"December 7, 1990",Unreleased,Unreleased
Koukiatsu Boy,KCE Shinjuku,Konami,"July 2, 1998",Unreleased,Unreleased
Koukou Nyuushideru Jun: Chugaku Eijukugo 350,C-Lab,Imagineer,"July 25, 1997",Unreleased,Unreleased
Koukou Nyuushideru Jun: Chugaku Eitango 1700,C-Lab,Imagineer,"June 27, 1997",Unreleased,Unreleased
Koukou Nyuushideru Jun: Kanji Mondai no Seifuku,C-Lab,Imagineer,"August 29, 1997",Unreleased,Unreleased
Koukou Nyuushideru Jun: Rekishi Nendai Anki Point 240,C-Lab,Imagineer,"September 26, 1997",Unreleased,Unreleased
Koukou Nyuushideru Jun: Rika Anki Point 250,C-Lab,Imagineer,"October 1, 1997",Unreleased,Unreleased
Krusty's Fun HouseKrusty World JP,Audiogenic,Acclaim NA/EUAcclaim Japan JP,"July 29, 1994",January 1993,"October 27, 1994"
Kuma no Puutarou: Takara Sagashi da Ooiri Game Battle!,Eleca,Takara,"February 29, 1996",Unreleased,Unreleased
Kung-Fu MasterSpartan X JP,Irem,Irem JP/NANintendo EU,"December 11, 1990",February 1991,1991
Kuusou Kagaku Sekai Gulliver Boy: Kuusou Kagaku Puzzle – Puritto Pon,,Bandai,"April 28, 1995",Unreleased,Unreleased
KwirkPuzzle Boy JP,Atlus,Atlus JPAcclaim NANintendo EU,"November 24, 1989",March 1990,1990
Lamborghini American Challenge,Titus Software,Titus Software,Unreleased,April 1994,1993
Last Action Hero,Bits Studios,Sony Imagesoft,Unreleased,October 1993,1993
The Lawnmower ManVirtual Wars JP,The Sales Curve,The Sales Curve EUCoconuts Japan JP,"February 11, 1994",Unreleased,November 1993
Lazlo's LeapSolitaire JP,Hect,Hect JPDTMC NA,"June 26, 1992",October 1992,Unreleased
Legend: Ashita e no Tsubasa,,Quest,"May 31, 1991",Unreleased,Unreleased
Legend of the River King GBKawa no Nushi Tsuri 3 JP,TOSE,Victor Interactive Software JPNatsume NA,"September 19, 1997",August 1998,Unreleased
The Legend of Zelda: Link's AwakeningZelda no Densetsu: Yume o Miru Shima JP,Nintendo,Nintendo,"June 6, 1993",August 1993,"November 18, 1993"
Lemmings,Ocean,Imagineer JPOcean NA/EU,"September 23, 1993",August 1994,1993
Lemmings 2: The Tribes,DMA Design,Psygnosis,Unreleased,Unreleased,1994
Lethal Weapon,Eurocom,Ocean,Unreleased,April 1993,1993
Lingo,PCSL Software,Altron,Unreleased,Unreleased,1994
The Lion King,Dark Technologies,Virgin Interactive,Unreleased,April 1995,"December 8, 1994"
Little Master 2: Raikou no Kishi,Zener Works,Tokuma Shoten,"March 27, 1992",Unreleased,Unreleased
Little Master: Likebahn no Densetsu,Zener Works,Tokuma Shoten,"April 19, 1991",Unreleased,Unreleased
The Little Mermaid,Capcom,Capcom,Unreleased,February 1993,1992
Lock 'n' Chase,Data East,Data East,"May 11, 1990",July 1990,1990
Looney TunesLooney Tunes: Bugs Bunny to Yukai na Nakama Tachi JP,Sunsoft,Sunsoft,"December 22, 1992",October 1992,1992
Loopz,Argonaut Games,Mindscape,"March 15, 1991",March 1991,1991
The Lost World: Jurassic Park,Torus Games,THQ,Unreleased,December 1997,1997
Lucky Luke,Bit Managers,Infogrames,Unreleased,Unreleased,1996
Lucle,Vic Tokai,Vic Tokai JPNintendo EU,"March 25, 1994",Unreleased,1995
Lunar Lander,,Pack-In-Video,"September 21, 1990",Unreleased,Unreleased
Mach Go Go Go,TOSE,Tomy,"August 8, 1997",Unreleased,Unreleased
Madden '95,Halestorm,Malibu Games,Unreleased,November 1994,1994
Madden '96,Halestorm,Black Pearl Software,Unreleased,October 1995,1995
Madden '97,Tiertex Design Studios,Black Pearl Software,Unreleased,November 1996,Unreleased
Magical Taluluto-kun,TOSE,Bandai,"June 15, 1991",Unreleased,Unreleased
Magical Taluluto-kun 2: Raiba Zone Panic!!,Tom Create,Bandai,"July 10, 1992",Unreleased,Unreleased
Magnetic Soccer,Nintendo,Nintendo,Unreleased,Unreleased,1992
Mahou Kishi Rayearth,Pandora Box,Tomy,"June 2, 1995",Unreleased,Unreleased
Mahou Kishi Rayearth 2nd: The Missing Colors,Pandora Box,Tomy,"October 27, 1995",Unreleased,Unreleased
Mahoujin GuruGuru: Yuusha to Kukuri no Daibouken,KID,Takara,"April 28, 1995",Unreleased,Unreleased
Makai-Mura Gaiden: The Demon Darkness,Sun L,Capcom,"April 16, 1993",Cancelled,Unreleased
Malibu Beach VolleyballSeaside Volley JP,TOSE,Tonkin House JPActivision NA,"October 31, 1989",March 1990,Unreleased
Marble Madness,Eastridge Technology,Mindscape,Unreleased,May 1991,"May 21, 1992"
Marchen Club,,Naxat Soft,"September 25, 1992",Unreleased,Unreleased
Mario's Picross,Jupiter Corporation,Nintendo,"March 14, 1995",March 1995,"July 27, 1995"
Marmalade Boy,Tom Create,Bandai,"January 27, 1995",Unreleased,Unreleased
Maru's MissionOira Jajamaru! Sekai Daiboken JP,TOSE,Jaleco,"September 28, 1990",March 1991,Unreleased
Masakari Densetsu: Kintarou Action-Hen,TOSE,Tonkin House,"August 7, 1992",Unreleased,Unreleased
Masakari Densetsu: Kintaro RPG-Hen,Tomcat System,Tonkin House,"October 28, 1994",Unreleased,Unreleased
Master Karateka,TOSE,Bandai Shinsei,"December 28, 1989",Unreleased,Unreleased
Matthias Sammer SoccerJ-League Big Wave Soccer JP,Jupiter Corporation,Tomy JPLaguna EU,"November 24, 1995",Unreleased,1997
Maui Mallard in Cold Shadow,Bonsai Entertainment,Sunsoft,Unreleased,August 1998,Unreleased
Die Maus,Bit Managers,Infogrames,Unreleased,Unreleased,1997
MaxRubble Saver II JP,A-Wave,King Records JPInfogrames EU,"March 6, 1992",Unreleased,1992
Medarot: Kabuto Version,Natsume,Imagineer,"November 28, 1997",Unreleased,Unreleased
Medarot: Kuwagata Version,Natsume,Imagineer,"November 28, 1997",Unreleased,Unreleased
Medarot Parts Collection,Natsume,Imagineer,"March 20, 1998",Unreleased,Unreleased
Medarot Parts Collection 2,Natsume,Imagineer,"May 29, 1998",Unreleased,Unreleased
Mega Man IIRockman World 2 JP,Japan System House,Capcom JP/NANintendo EU,"December 20, 1991",February 1992,1992
Mega Man IIIRockman World 3 JP,Minakuchi Engineering,Capcom JP/NANintendo EU,"December 11, 1992",December 1992,1993
Mega Man IVRockman World 4 JP,Minakuchi Engineering,Capcom JP/NALaguna EU,"October 29, 1993",December 1993,1994
Mega Man VRockman World 5 JP,Minakuchi Engineering,Capcom JP/NALaguna EU,"July 22, 1994","September 10, 1994",1994
Mega Man: Dr. Wily's RevengeRockman World JP,Minakuchi Engineering,Capcom JP/NANintendo EU,"July 26, 1991",December 1991,1992
Megalit,ASCII Corporation,Asmik Ace Entertainment JPTakara NA/EU,"August 9, 1991",December 1992,1992
Megami Tensei Gaiden: Last Bible,Multimedia Intelligence Transfer,Atlus,"December 25, 1992",Unreleased,Unreleased
Megami Tensei Gaiden: Last Bible II,Multimedia Intelligence Transfer,Atlus,"November 19, 1993",Unreleased,Unreleased
Meitantei Conan: Chika Yuuenchi Satsujin Jiken,Act Japan,Bandai,"December 27, 1996",Unreleased,Unreleased
Meitantei Conan: Giwaku no Gouka Ressha,,Bandai,"August 7, 1998",Unreleased,Unreleased
Mercenary ForceTenjin Kaisen JP,Lenar,Meldac JP/NANintendo EU,"April 27, 1990",October 1990,1990
Metal Masters,Bit Managers,Electro Brain,Unreleased,December 1993,Unreleased
Metroid II: Return of Samus,Nintendo,Nintendo,"January 21, 1992",November 1991,"May 21, 1992"
Mickey Mouse: Magic Wands!Mickey Mouse V: Mahou no Stick JP,Kotobuki Systems,Kemco JPNintendo NA/EU,"December 22, 1993",May 1998,1998
Mickey's Dangerous ChaseMickey's Chase JP,Now Production,Capcom NA/EUKemco JP,"December 18, 1992",May 1991,1992
Mickey's Ultimate Challenge,Designer Software,Hi Tech Expressions,Unreleased,May 1994,1994
Micro Machines,Mindscape,Ocean,Unreleased,January 1995,1995
Micro Machines 2: Turbo Tournament,Codemasters,Ocean,Unreleased,Unreleased,1996
Midori no Makibaō,TOSE,Tomy,"December 21, 1996",Unreleased,Unreleased
Mighty Morphin Power Rangers,Tom Create,Bandai,Unreleased,August 1994,1994
Mighty Morphin Power Rangers: The Movie,Tom Create,Bandai,Unreleased,August 1995,1995
Mikineko Holmes no Kishi Michi,,ASK Kodansha,"February 15, 1991",Unreleased,Unreleased
Milon's Secret CastleMilon no Meikyuu Kumikyoku JP,Make Software,Hudson Soft,"March 26, 1993",March 1993,1993
Miner 2049er,Eastridge Technology,Mindscape,Unreleased,October 1992,Unreleased
Minesweeper,Arc System Works,Pack-In-Video,"December 13, 1991",Unreleased,Unreleased
Mini 4 Boy,,J-Wing,"December 27, 1996",Unreleased,Unreleased
Mini 4 Boy II,,J-Wing,"September 26, 1997",Unreleased,Unreleased
Mini-Putt,,A-Wave,"April 26, 1991",Unreleased,Unreleased
Mini-Yonku GB: Let's & Go!!,Jupiter Corporation,ASCII Corporation,"May 23, 1997",Unreleased,Unreleased
Mini-Yonku GB: Let's & Go!! All-Star Battle MAX,Jupiter Corporation,ASCII Corporation,"June 19, 1998",Unreleased,Unreleased
Miracle Adventure of Esparks,Sun L,Tomy,"December 11, 1992",Unreleased,Unreleased
Missile Command,The Code Monkeys,Accolade,Unreleased,March 1992,1992
Mogu Mogu Gombo: Harukanaru Chou Ryouri Densetsu,,Bandai,"June 16, 1995",Unreleased,Unreleased
Mogura de Pon!,,Athena,"April 15, 1994",Unreleased,Unreleased
Mole ManiaMogura~Nya JP,Pax Softnica,Nintendo,"July 21, 1996",February 1997,1997
Momotaro Collection,,Hudson Soft,"August 9, 1996",Unreleased,Unreleased
Momotaro Collection 2,,Hudson Soft,"December 6, 1996",Unreleased,Unreleased
Momotaro Dengeki: Momotaro Thunderbolt,,Hudson Soft,"August 8, 1993",Unreleased,Unreleased
Momotaro Dengeki 2: Momotaro Thunderbolt,,Hudson Soft,"December 16, 1994",Unreleased,Unreleased
Momotaro Densetsu Gaiden,Hudson Soft,Hudson Soft,"December 26, 1991",Unreleased,Unreleased
Momotarou Dentetsu Jr.: Zenkoku Ramen Meguri no Maki,Make Software,Hudson Soft,"July 31, 1998",Unreleased,Unreleased
Money Idol Exchanger,Face,Athena,"August 29, 1997",Unreleased,Unreleased
Monopoly,Sculptured Software,Tomy JPParker Brothers NAKonami EU,"December 20, 1991",December 1991,1992
Monster * Race,,Koei,"March 6, 1998",Unreleased,Unreleased
Monster * Race Okawari,,Koei,"October 2, 1998",Unreleased,Unreleased
Monster Maker,,SOFEL,"December 22, 1990",Unreleased,Unreleased
Monster Maker 2: Uru no Hiten,,SOFEL,"March 19, 1993",Unreleased,Unreleased
Monster Maker: Barcode Saga,Jorudan,Namco,"August 10, 1993",Unreleased,Unreleased
Monster Max,Rare,Titus Software,Unreleased,Unreleased,December 1994
Monster Truck,Another,Varie,"October 19, 1990",Unreleased,Unreleased
Monster Truck Wars,Gremlin Graphics,Acclaim,Unreleased,November 1994,1994
Montezuma's Return,Utopia Technologies,Take-Two Interactive,Unreleased,Unreleased,1998
Mortal KombatMortal Kombat: Shinken Kourin Densetsu JP,Probe Entertainment Limited,Acclaim NA/EUAcclaim Japan JP,"December 24, 1993","September 13, 1993",1994
Mortal Kombat 3,Software Creations,Williams,Unreleased,November 1995,1995
Mortal Kombat IIMortal Kombat II: Kyuukyoku Shinken JP,Probe Entertainment Limited,Acclaim NA/EUAcclaim Japan JP,"November 11, 1994",September 1994,"October 27, 1994"
Motocross Maniacs,Konami,Konami JP/EUUltra Games NA,"September 20, 1989",January 1990,1990
Mouse Trap Hotel,Imagineering,Electro Brain,Unreleased,October 1992,Unreleased
Mr. Chin's Gourmet Paradise,Romstar,Romstar,Unreleased,October 1990,Unreleased
Mr. Do!,Ocean,Ocean,Unreleased,November 1992,1992
Mr. Go no Baken Tekichuu Sube,,Taito Corporation,"April 1, 1994",Unreleased,Unreleased
Mr. Nutz,Ocean,Ocean,Unreleased,Unreleased,1994
Ms. Pac-Man,Namco,Namco,Unreleased,October 1993,1993
Muhammad Ali Heavyweight Boxing,Gremlin Graphics,Virgin Interactive,Unreleased,July 1993,1993
Mulan,Tiertex Design Studios,THQ,Unreleased,October 1998,1998
Mysterium,Maxis,Asmik Corporation of America NAVAP JP,"July 23, 1993",July 1991,Unreleased
Mystical Ninja Starring GoemonGanbare Goemon: Kurofune Tou no Nazo JP,KCE Nagoya,Konami,"December 4, 1997",April 1998,1998
Nada Asatarou & Kojima Takeo no Jissen Mahjong Kyoushitsu,,Gaps,"December 25, 1998",Unreleased,Unreleased
Nada Asatarou no Powerful Mahjong: Tsugi no Itte 100 Dai,Affect,Yojigen,"December 23, 1994",Unreleased,Unreleased
Nail 'n' ScaleDragon Tail JP,I'Max,I'Max JPData East NA/EU,"December 13, 1990",April 1992,1992
Namco Classic,TOSE,Namco,"December 3, 1991",Unreleased,Unreleased
Namco Gallery Vol. 1,TOSE,Namco,"July 21, 1996",Unreleased,Unreleased
Namco Gallery Vol. 2,TOSE,Namco,"November 29, 1996",Unreleased,Unreleased
Namco Gallery Vol. 3,TOSE,Namco,"July 25, 1997",Unreleased,Unreleased
Nangoku Shounen Papuwa-kun: Ganmadan no Yabou,Daft,Enix,"March 25, 1994",Unreleased,Unreleased
Nanonote,,Konami,"August 7, 1992",Unreleased,Unreleased
Navy Blue 98,Use Corporation,Shouei System,"February 20, 1998",Unreleased,Unreleased
Navy SEALs,Ocean,Ocean,Unreleased,September 1991,1991
NBA All-Star Challenge,Beam Software,LJN,Unreleased,February 1991,1991
NBA All-Star Challenge 2,Beam Software,LJN NA/EUAcclaim Japan JP,"April 16, 1993",May 1992,1992
NBA Jam,Beam Software,Acclaim,Unreleased,November 1994,"November 24, 1994"
NBA Jam: Tournament Edition,Torus Games,Acclaim NA/EUAcclaim Japan JP,"October 27, 1995",June 1995,1995
NBA Live 96,Tiertex Design Studios,Black Pearl Software,Unreleased,March 1996,"January 22, 1996"
Nectaris GB,Tam Tam,Hudson Soft,"February 27, 1998",Unreleased,Unreleased
Nekketsu Kōkō Dodgeball Bu: Kyōteki! Dodge Soldier no Maki,Million Corp.,Technōs Japan,"November 8, 1991",Unreleased,Unreleased
Nekketsu! Beach Volley dayo Kunio-Kun,Million Corp.,Technōs Japan,"July 29, 1994",Unreleased,Unreleased
Nekojara Monogatari,,Kemco,"December 14, 1990",Unreleased,Unreleased
Nemesis,Konami,Konami JP/EUUltra Games NA,"February 23, 1990",April 1990,1991
Nettou Garou Densetsu 2: Aratanaru Tatakai,Sun L,Takara,"July 29, 1994",Unreleased,Unreleased
Nettou Real Bout Garou Densetsu Special,Gaibrain,Takara,"March 27, 1998",Unreleased,Unreleased
Nettou Samurai Spirits: Zankuro Musouken,Betop,Takara,"August 23, 1996",Unreleased,Unreleased
The New Chessmaster,Park Place Productions,Hi Tech Expressions NAAltron JP,"January 30, 1998",April 1993,Unreleased
NFL Football,Konami,Konami,Unreleased,April 1990,Unreleased
NFL Quarterback Club,Beam Software,LJN,Unreleased,November 1993,1993
NFL Quarterback Club 96,Condor,Acclaim,Unreleased,October 1995,1995
NFL Quarterback Club IINFL Quarterback Club '95 JP,Condor,LJN NA/EUAcclaim Japan JP,"March 17, 1995",March 1995,1995
NHL 96,Probe Entertainment Limited,Black Pearl Software,Unreleased,July 1996,1996
NHL Hockey 95,Malibu Games,Malibu Games,Unreleased,June 1995,1995
Nichibutsu Mahjong: Yoshimoto Gekijou,,Nichibutsu,"November 18, 1994",Unreleased,Unreleased
Nigel Mansell's World Championship Racing,Gremlin Graphics,Nintendo EUGameTek NA,Unreleased,August 1993,1992
Nihonshi Target 201,C-Lab,Imagineer,"December 13, 1996",Unreleased,Unreleased
Nikkan Berutomo Club,,I'Max,"June 26, 1998",Unreleased,Unreleased
Ninja BoySuper Chinese Land JP,Culture Brain,Culture Brain,"April 20, 1990",November 1990,1990
Ninja Boy 2Super Chinese Land 2 JP,Culture Brain,Culture Brain,"November 29, 1991",April 1993,1993
Ninja Gaiden ShadowNinja Ryūkenden GB: Matenrō Kessen JPShadow Warriors: Ninja Gaiden EU,Natsume,Tecmo,"December 13, 1991",December 1991,1992
Ninja TaroSengoku Ninja-Kun JP,NMK,UPL JPAmerican Sammy NA,"March 8, 1991",September 1992,Unreleased
Ninku,TOSE,Tomy,"July 14, 1995",Unreleased,Unreleased
Ninku Dai-2-Tama: Ninku Sensouhen,TOSE,Tomy,"November 24, 1995",Unreleased,Unreleased
Nintama Rantarō GB,,Culture Brain,"December 27, 1995",Unreleased,Unreleased
Nintama Rantarō GB: Eawase Challenge Puzzle,,Culture Brain,"June 19, 1998",Unreleased,Unreleased
Nintendo World CupNekketsu Koko Soccer Bu: World Cup Hen JP,Technōs Japan,Technōs Japan JPNintendo NA/EU,"April 26, 1991",June 1991,1991
Nippon Daihyou Team: Eikou no Eleven,Jupiter Corporation,Tomy,"May 22, 1998",Unreleased,Unreleased
Nobunaga's AmbitionNobunaga no Yabō Game Boy Ban JP,Koei,Koei,"October 10, 1990",March 1991,Unreleased
Nontan no Issho: Kuru Kuru Puzzle,Access,Victor Interactive Software,"April 28, 1994",Unreleased,Unreleased
Noobow,,Irem,"December 11, 1992",Unreleased,Unreleased
Oddworld Adventures,Saffire,GT Interactive Software,Unreleased,December 1998,1998
Olympic Summer Games: Atlanta 1996,Tiertex Design Studios,Black Pearl Software,Unreleased,June 1996,1996
Oni II: Innin Densetsu,Pandora Box,Banpresto,"February 28, 1992",Unreleased,Unreleased
Oni III: Kuro no Hakaishin,Pandora Box,Banpresto,"February 26, 1993",Unreleased,Unreleased
Oni IV: Kishin no Ketsuzoku,Pandora Box,Banpresto,"March 11, 1994",Unreleased,Unreleased
Oni V: Innin no Tsugumono,Pandora Box,Banpresto,"March 24, 1995",Unreleased,Unreleased
Onigashima Pachinko-Ten,Marionette,Coconuts Japan,"February 8, 1991",Unreleased,Unreleased
Operation CContra JPProbotector EU,Konami,Konami JPUltra Games NAPalcom Software EU,"January 8, 1991",February 1991,"May 21, 1991"
Othello,,Kawada JPNintendo EU,"February 9, 1990",Unreleased,1990
Othello World,Dice,Tsukuda Original,"September 30, 1994",Unreleased,Unreleased
Otogi Banashi Taisen,Sun L,Yojigen,"August 4, 1995",Unreleased,Unreleased
Ottos Ottifanten: Baby Brunos's Nightmare,Bit Managers,Infogrames,Unreleased,Unreleased,1998
Out of Gas,Realtime Associates,FCI,Unreleased,August 1992,Unreleased
Oyatsu Quiz Mogumogu Q,,Starfish,"September 26, 1997",Unreleased,Unreleased
Pac-AttackPac-Panic JP/EU,Now Production,Namco,"December 9, 1994",December 1994,1995
Pac-In-Time,Kalisto Entertainment,Namco,"January 3, 1995",February 1995,1995
Pac-Man,Namco,Namco,"November 16, 1990",April 1991,1991
Pachi-Slot Hisshou Guide GB,,Magifact,"January 27, 1995",Unreleased,Unreleased
Pachi-Slot Kids,,Coconuts Japan,"June 18, 1993",Unreleased,Unreleased
Pachi-Slot Kids 2,Aisystem Tokyo,Coconuts Japan,"June 10, 1994",Unreleased,Unreleased
Pachi-Slot Kids 3,Aisystem Tokyo,Coconuts Japan,"March 24, 1995",Unreleased,Unreleased
Pachi-Slot World Cup '94,,I'Max,"July 29, 1994",Unreleased,Unreleased
Pachinko CR Daiku no Gen-San GB,,Telenet Japan,"March 13, 1998",Unreleased,Unreleased
Pachinko Data Card: Chou Ataru-kun,,Boss Communications,"January 28, 1999",Unreleased,Unreleased
Pachinko Kaguya Hime,Marionette,Coconuts Japan,"October 9, 1992",Unreleased,Unreleased
Pachinko Monogatari Gaiden,Atelier Double,KSS,"June 23, 1995",Unreleased,Unreleased
Pachinko Seiyuuki,Marionette,Coconuts Japan,"December 13, 1991",Unreleased,Unreleased
Pachinko Time,Marionette,Coconuts Japan,"December 8, 1989",Unreleased,Unreleased
Pachiokun,Soft Machine,Coconuts Japan,"November 19, 1993",Unreleased,Unreleased
Pachiokun 2,Aisystem Tokyo,Coconuts Japan,"November 25, 1994",Unreleased,Unreleased
Pachiokun 3,Aisystem Tokyo,Coconuts Japan,"April 28, 1995",Unreleased,Unreleased
Pachiokun Puzzle Castle,Marionette,Coconuts Japan,"April 22, 1994",Unreleased,Unreleased
The Pagemaster,Probe Entertainment Limited,Fox Interactive NAVirgin Interactive EU,Unreleased,November 1994,1994
Painter Momopie,,Sigma Enterprises,"December 7, 1990",Unreleased,Unreleased
Palamedes,Natsu System,Hot B JPTakara EU,"October 12, 1990",Unreleased,1991
Panel Action Bingo,Locus,FCI,Unreleased,November 1993,Unreleased
Panel no Ninja Kesamaru,Epoch & SAS Sakata,Epoch,"May 2, 1992",Unreleased,Unreleased
Paperboy,Eastridge Technology,Mindscape,Unreleased,July 1990,1990
Paperboy 2,Eastridge Technology,Mindscape,Unreleased,April 1992,1992
Parasol Henbē,Epoch & SAS Sakata,Epoch,"November 16, 1990",Unreleased,Unreleased
Parasol Stars: Rainbow Islands II,Ocean,Ocean,Unreleased,Unreleased,1991
ParodiusParodius da! JP,Konami,Konami JPPalcom Software EU,"April 5, 1991",Unreleased,1992
Patlabor: The Mobile Police,,Yutaka,"August 25, 1990",Unreleased,Unreleased
Peetan,Inter State,Kaneko,"December 27, 1991",Unreleased,Unreleased
Peke to Poko no Daruman Busters,Birthday,Banpresto,"August 3, 1991",Unreleased,Unreleased
Penguin Land,Atelier Double,Pony Canyon,"March 21, 1990",Unreleased,Unreleased
Penguin WarsPenguin-Kun Wars Vs. JPKing of the Zoo EU,ASCII Corporation,ASCII Corporation JPNexoft NANintendo EU,"March 30, 1990",July 1990,1990
Penta Dragon,Japan Art Media,Yanoman,"July 31, 1992",Unreleased,Unreleased
PGA European Tour,Unexpected Development,Malibu Games,Unreleased,April 1995,1995
PGA Tour 96,Unexpected Development,Black Pearl Software,Unreleased,November 1995,1995
Picross 2,Jupiter Corporation,Nintendo,"October 19, 1996",Unreleased,Unreleased
Pierre le Chef is... Out to Lunch,Mindscape,Mindscape,Unreleased,Unreleased,1993
Pinball Dreams,Spidersoft,GameTek,Unreleased,August 1993,1993
Pinball Fantasies,Spidersoft,GameTek,Unreleased,February 1995,1995
Pinball Mania,Spidersoft,GameTek,Unreleased,Unreleased,1995
Pinball: Revenge of the 'GatorPinball: 66-hiki no Wani Daikoushin JP,HAL Laboratory,HAL Laboratory,"October 18, 1989",March 1990,1990
Pingu: Sekai de Ichiban Genki na Penguin,Tom Create,B-AI,"December 10, 1993",Unreleased,Unreleased
Pinocchio,NMS Software,Black Pearl Software NAVirgin Interactive EU,Unreleased,October 1996,1996
Pipe Dream,Bullet-Proof Software,Bullet-Proof Software,"July 3, 1990",September 1990,Unreleased
Pit-Fighter,Eastridge Technology,THQ,Unreleased,June 1992,1992
Play Action Football,TOSE,Nintendo,Unreleased,December 1990,Unreleased
Pocahontas,Black Pearl Software,THQ,Unreleased,April 1996,1996
Pocket Bass Fishing,,Bottom Up,"April 24, 1998",Unreleased,Unreleased
Pocket Battle,,Sigma Enterprises,"April 28, 1992",Unreleased,Unreleased
Pocket Bomberman,Hudson Soft,Hudson Soft,"December 12, 1997",Unreleased,1998
Pocket Densha,,Coconuts Japan,"October 30, 1998",Unreleased,Unreleased
Pocket Family GB,Outback,Hudson Soft,"August 9, 1998",Unreleased,Unreleased
Pocket Golf,,Bottom Up,"September 25, 1998",Unreleased,Unreleased
Pocket Kanjirou,Jupiter Corporation,Shingakusha,"January 10, 1998",Unreleased,Unreleased
Pocket Kyorochan,Jupiter Corporation,Tomy,"February 27, 1998",Unreleased,Unreleased
Pocket Love,KID,KID,"July 18, 1997",Unreleased,Unreleased
Pocket Love 2,KID,KID,"March 13, 1998",Unreleased,Unreleased
Pocket Mahjong,,Bottom Up,"July 25, 1997",Unreleased,Unreleased
Pocket Monsters Green,Game Freak,Nintendo,"February 27, 1996",Unreleased,Unreleased
Pocket Puyo Puyo 2,Compile,Compile,"December 13, 1996",Unreleased,Unreleased
Pocket Shogi,,Bottom Up,"September 11, 1998",Unreleased,Unreleased
Pocket Stadium,,Atlus,"December 14, 1990",Unreleased,Unreleased
Pokémon Blue VersionPocket Monsters Ao JP,Game Freak,Nintendo,"October 15, 1996","September 28, 1998","October 5, 1999"
Pokémon Red VersionPocket Monsters Aka JP,Game Freak,Nintendo,"February 27, 1996","September 28, 1998","October 5, 1999"
Pokémon Yellow Version: Special Pikachu EditionPocket Monsters Pikachu JP,Game Freak,Nintendo,"September 12, 1998","October 19, 1999","June 16, 2000"
Pokonyan! Yume no Daibouken,,Toho,"August 5, 1994",Unreleased,Unreleased
Ponta to Hinako no Chindouchuu: Yuutou Hen,,Naxat Soft,"December 20, 1990",Unreleased,Unreleased
Pop'n TwinBeeTwinBee Da!! JP,Konami,Konami,"October 12, 1990",Unreleased,1994
Popeye,Sigma Enterprises,Sigma Enterprises,"April 20, 1990",Unreleased,Unreleased
Popeye 2,Copya Systems,Sigma Enterprises JPActivision NA/EU,"November 22, 1991",October 1993,1994
PopulousPopulous Gaiden JP,Enigma Variations,Imagineer,"May 28, 1993",Unreleased,1993
Power Mission,Graphic Research,VAP JPNTVIC NA,"August 24, 1990",January 1991,Unreleased
Power Pro GB,KCE Nagoya,Konami,"March 26, 1998",Unreleased,Unreleased
Power RacerHead On JP,Graphic Research,Tecmo,"December 7, 1990",December 1990,1991
Prehistorik Man,Titus Software,Kemco JPTitus Software,"December 22, 1995",January 1996,1996
Pri Pri: Primitive Princess!,,Sunsoft,"December 12, 1990",Unreleased,Unreleased
Primal Rage,Probe Entertainment Limited,Time Warner Interactive,Unreleased,July 1995,1995
Prince of Persia,Broderbund,Virgin Interactive NANCS JPMindscape EU,"July 24, 1992",January 1992,"January 28, 1993"
Pro Mahjong Kiwame GB,,Athena,"December 23, 1994",Unreleased,Unreleased
Prophecy: The Viking Child,Imagitec Design,GameTek,Unreleased,July 1992,October 1993
The Punisher: The Ultimate Payback,Beam Software,Acclaim,Unreleased,July 1991,Unreleased
Purikura Pocket 2: Kareshi Kaizou Daisakusen,,Atlus,"November 29, 1997",Unreleased,Unreleased
Purikura Pocket 3: Talent Debut Daisakusen,Avit,Atlus,"December 18, 1998",Unreleased,Unreleased
Purikura Pocket: Fukanzen Joshikousei Manual,,Atlus,"October 17, 1997",Unreleased,Unreleased
Puyo Puyo,Winkysoft,Banpresto,"July 31, 1994",Unreleased,Unreleased
Puzzle Nintama Rantarō GB,,Culture Brain,"November 1, 1996",Unreleased,Unreleased
Puzznic,,Taito Corporation,"July 31, 1990",Unreleased,Unreleased
Pyramids of Ra,MICROS,Matchbox,Unreleased,April 1993,Unreleased
QBillion,SETA Corporation,SETA Corporation,"December 22, 1989",April 1990,Unreleased
Q*bert for Game Boy,Realtime Associates,Jaleco,February 1992,"January 14, 1992",1992
Qix,Minakuchi Engineering,Nintendo,"April 13, 1990","May 24, 1990","September 28, 1990"
Quarth,Konami,Ultra Games,"March 16, 1990",December 1990,Unreleased
Quiz Nihon Mukashi Banashi: Athena no Hatena,,Athena,"December 18, 1992",Unreleased,Unreleased
Quiz Sekai wa Show by Shoubai!!,Sun L,Takara,"August 7, 1992",Unreleased,Unreleased
R-Type,Bits Studios,Irem,"March 19, 1991",May 1991,1991
R-Type II,Bits Studios,Irem,"December 11, 1992",Cancelled,1992
Race Drivin',Argonaut Games,THQ,Unreleased,January 1993,1993
Racing Damashii,Irem,Irem,"February 28, 1991",Unreleased,Unreleased
Radar MissionKaisen Game: Radar Mission JP,Nintendo,Nintendo,"October 23, 1990",February 1991,1991
Raging FighterOutburst JP,Konami,Konami,"March 26, 1993",June 1993,1993
Rampart,,Jaleco,"October 30, 1992",1993,1993
Ranma ½: Kakugeki Mondou!!,Sun L,Banpresto,"August 6, 1993",Unreleased,Unreleased
Ranma ½: Kakuren Bodesu Match,,Banpresto,"July 28, 1990",Unreleased,Unreleased
Ranma ½: Netsuretsu Kakutouhen,,Banpresto,"July 17, 1992",Unreleased,Unreleased
Ray-Thunder,,Nichibutsu,"February 8, 1991",Unreleased,Unreleased
The Real GhostbustersMickey Mouse IV: Mahou no Labyrinth JPGarfield Labyrinth EU,Kotobuki Systems,Kemco JP/EUActivision NA,"April 23, 1993",October 1993,September 1993
Reibun de Oboeru: Chuugaku Eitango 1132,Tomcat System,Imagineer,"March 20, 1998",Unreleased,Unreleased
Reibun de Oboeru: Kyuukyoku no Kobun Tango,Tomcat System,Imagineer,"December 25, 1998",Unreleased,Unreleased
The Ren & Stimpy Show: Space Cadet Adventures,Imagineering,THQ,Unreleased,November 1992,Unreleased
The Ren & Stimpy Show: Veediots!,Eastridge Technology,THQ,Unreleased,October 1993,1993
Renju Club: Gomoku Narabe,Natsu System,Hect,"May 17, 1996",Unreleased,Unreleased
Rentaiou,,Visit,"September 16, 1994",Unreleased,Unreleased
Reservoir Rat,Tarantula Studios,Take-Two Interactive,Unreleased,Unreleased,1999
Riddick Bowe Boxing,Equilibrium,Extreme Entertainment Group NAGameTek EU,Unreleased,January 1994,1994
Ring Rage,Taito Corporation,Taito Corporation JPNatsume NA,"January 29, 1993",April 1998,Unreleased
Road Rash,The Code Monkeys,Ocean,Unreleased,June 1994,1996
Roadster,TOSE,Tonkin House,"October 19, 1990",Unreleased,Unreleased
Robin Hood: Prince of Thieves,Bits Studios,Virgin Interactive,Unreleased,June 1993,"May 19, 1993"
RoboCop,,Ocean NA/EUEpic/Sony Records JP,"March 1, 1991",December 1990,1990
RoboCop 2,Painting by Numbers,Ocean NAEpic/Sony Records JP,"March 19, 1992",November 1991,Unreleased
RoboCop Versus The Terminator,Unexpected Development,Interplay,Unreleased,August 1994,1994
Rock'n! Monster!!,Eleca,Hori,"July 1, 1994",Unreleased,Unreleased
Rod LandYousei Monogatari: RodLand JP,Eurocom,Jaleco JPStorm EU,"May 21, 1993",Unreleased,1993
Roger Clemens' MVP BaseballMVP Baseball JP,Sculptured Software,LJN NAAcclaim Japan JP,"August 27, 1993",September 1992,Unreleased
Rolan's CurseVelious: Roland no Majuu JP,NMK,Sammy Corporation JPAmerican Sammy NA,"October 26, 1990",January 1991,Unreleased
Rolan's Curse 2Velious II: Fukushuu no Jashin JP,NMK,Sammy Corporation JPAmerican Sammy NA,"February 21, 1992",October 1992,Unreleased
The Rugrats Movie,Software Creations,THQ,Unreleased,December 1998,Unreleased
Sagaia,Act Japan,Taito Corporation,"December 13, 1991",Unreleased,Unreleased
Saigo no Nindou: Ninja Spirit,Bits Studios,Irem,"December 18, 1993",Unreleased,Unreleased
Saint Paradise,,Bandai,"November 13, 1992",Unreleased,Unreleased
Sakigake!! Otokojuku: Meikoushima Kessen,,Yutaka,"August 4, 1990",Unreleased,Unreleased
SameGame,Shimada Kikaku,Hudson Soft,"April 25, 1997",Unreleased,Unreleased
Samurai ShodownNettou Samurai Spirits JP,Takara,Takara,"June 30, 1994",November 1994,1994
Sangokushi Game Boy Han,Koei,Koei,"September 30, 1992",Unreleased,Unreleased
Sanrio Carnival,Scitron & Art,Character Soft,"May 11, 1991",Unreleased,Unreleased
Sanrio Carnival 2,,Character Soft,"March 19, 1993",Unreleased,Unreleased
Sanrio Uranai Party,,Imagineer,"December 5, 1997",Unreleased,Unreleased
Satoru Nakajima F-1 Hero GB World Championship '91,Natsu System,Varie,"December 27, 1991",Unreleased,Unreleased
Scotland Yard,Shouei System,Toei Animation,"December 7, 1990",Unreleased,Unreleased
SD Gundam Gaiden: Lacroan Heroes,Human Entertainment,Bandai,"October 6, 1990",Unreleased,Unreleased
SD Gundam: SD Sengokuden: Kunitori Monogatari,,Bandai,"March 24, 1990",Unreleased,Unreleased
SD Gundam: Sengokuden 2: Tenka Touitsuhen,,Bandai,"January 18, 1992",Unreleased,Unreleased
SD Gundam: SD Sengokuden 3: Chijou Saikyouhen,,Bandai,"September 4, 1992",Unreleased,Unreleased
SD Hiryū no Ken Gaiden,,Culture Brain,"April 14, 1995",Unreleased,Unreleased
SD Hiryū no Ken Gaiden 2,,Culture Brain,"September 27, 1996",Unreleased,Unreleased
SD Lupin Sansei: Kinko Yaburi Daisakusen,Nova Games,Banpresto,"April 13, 1990",Unreleased,Unreleased
Sea Battle,Bit Managers,Infogrames,Unreleased,Unreleased,1998
seaQuest DSV,Unexpected Development,Malibu Games,Unreleased,November 1994,1995
Selection I & II: Erabareshi Mono & Ankoku no Fuuin,,Kemco,"May 1, 1998",Unreleased,Unreleased
Sensible Soccer: European Champions,Sensible Software,Sony Imagesoft,Unreleased,Unreleased,1993
SerpentKakomunja JP,Dual,Naxat Soft JPTaxan NA,"April 6, 1990",November 1990,Unreleased
Shanghai,HAL Laboratory,HAL Laboratory,"July 28, 1989",June 1990,Unreleased
Shanghai Pocket,Sunsoft,Sunsoft,"August 6, 1998",Unreleased,Unreleased
Shaq Fu,Unexpected Development,Black Pearl Software,Unreleased,October 1995,Unreleased
Shikakei Atama o Kore Kusuru,,Imagineer,"June 26, 1998",Unreleased,Unreleased
Shikakei Atama o Kore Kusuru: Joushiki no Ka,,Imagineer,"March 17, 2000",Unreleased,Unreleased
Shikakei Atama o Kore Kusuru: Kanji no Tatsujin,,Imagineer,"March 30, 2001",Unreleased,Unreleased
Shikakei Atama o Kore Kusuru: Keisan no Tatsujin,,Imagineer,"March 30, 2001",Unreleased,Unreleased
Shikakei Atama o Kore Kusuru: Kokugo Battle-Hen,,Imagineer,"September 24, 1999",Unreleased,Unreleased
Shikakei Atama o Kore Kusuru: Nanmon no Ka,,Imagineer,"March 17, 2000",Unreleased,Unreleased
Shikakei Atama o Kore Kusuru: Rika Battle-Hen,,Imagineer,"November 5, 1999",Unreleased,Unreleased
Shikakei Atama o Kore Kusuru: Sansuu Battle-Hen,,Imagineer,"March 12, 1999",Unreleased,Unreleased
Shikakei Atama o Kore Kusuru: Shakai Battle-Hen,,Imagineer,"July 16, 1999",Unreleased,Unreleased
Shikakei Atama o Kore Kusuru: Zukei no Tatsujin,,Imagineer,"October 27, 2000",Unreleased,Unreleased
Shikinjou,Shouei System,Toei Animation,"July 16, 1991",Unreleased,Unreleased
Shin Keiba Kizoku Pocket Jockey,Graphic Research,King Records,"October 16, 1998",Unreleased,Unreleased
Shin Nippon Pro Wrestling: Toukon Sanjushi,,Varie,"June 28, 1991",Unreleased,Unreleased
Shin SD Gundam Gaiden: Knight Gundam Monogatari,Tom Create,Bandai,"September 9, 1994",Unreleased,Unreleased
The Shinri Game,,Visit,"June 10, 1994",Unreleased,Unreleased
The Shinri Game 2: Osaka-Hen,,Visit,"October 14, 1994",Unreleased,Unreleased
Shinseiki GPX Cyber Formula,,Varie,"February 28, 1992",Unreleased,Unreleased
Shippū! Iron Leaguer,Sun L,Bandai,"March 11, 1994",Unreleased,Unreleased
Shisenshou: Match-Mania,Tamtex,Irem,"July 13, 1990",Unreleased,Unreleased
Shogi,,Pony Canyon,"December 19, 1989",Unreleased,Unreleased
Shogi Saikyou,,Magical Company,"December 23, 1994",Unreleased,Unreleased
Shounen Ashibe: Yuuenchi Panic,,Takara,"September 27, 1991",Unreleased,Unreleased
Shuyaku Sentai Irem Fighter,,Irem,"July 30, 1993",Unreleased,Unreleased
Side Pocket,Data East,Data East JP/NA Nintendo EU,"September 21, 1990",November 1990,1990
The Simpsons: Bart & the BeanstalkBart no Jack to Mame no Ki JP,Software Creations,Acclaim NA/EUAcclaim Japan JP,"September 30, 1994",February 1994,1994
The Simpsons: Bart vs. The Juggernauts,Imagineering,Acclaim,Unreleased,September 1992,1992
The Simpsons: Itchy & Scratchy in Miniature Golf Madness,Beam Software,Acclaim,Unreleased,November 1994,1994
Skate or Die: Bad 'N Rad,Konami,Konami,Unreleased,September 1990,1990
Skate or Die: Tour de Thrash,Realtime Associates,EA Sports,Unreleased,June 1991,Unreleased
Slam Dunk: Gakeppuchi no Kesshou League,,Bandai,"August 11, 1994",Unreleased,Unreleased
Slam Dunk 2: Zenkoku e no Tip Off,,Bandai,"March 17, 1995",Unreleased,Unreleased
Small Soldiers,Tiertex Design Studios,THQ,Unreleased,November 1998,1998
The Smurfs,Bit Managers,Infogrames,Unreleased,1998,1994
The Smurfs 2: The Smurfs Travel The World,Infogrames,Infogrames,Unreleased,Unreleased,1995
The Smurfs 3: The Smurfs' Nightmare,Infogrames,Infogrames,Unreleased,Unreleased,1997
Sneaky Snakes,Rare,Tradewest,Unreleased,June 1991,1991
Snoopy no Hajimete no Otsukai,Kotobuki Systems,Kemco,"December 21, 1996",Unreleased,Unreleased
Snoopy's Magic Show,Kemco,Kemco,"April 28, 1990",October 1990,1990
Snow Bros. Jr.,Naxat Soft,Naxat Soft JPCapcom NA/EU,"May 24, 1991",January 1992,1992
Soccer ManiaSoccer Boy JP,Kitty Group,Epic/Sony Records JPSony Imagesoft NA,"April 27, 1990",February 1992,Unreleased
SolarStriker,Minakuchi Engineering,Nintendo,"January 26, 1990",February 1990,"September 28, 1990"
Soldam,,Jaleco,"August 6, 1993",Unreleased,Unreleased
Solitaire FunPak,Beam Software,Interplay,Unreleased,November 1994,1994
Solomon's Club,Graphic Research,Tecmo,"April 5, 1991",April 1991,1991
Soreyuke!! Kid,Kotobuki Systems,Kemco,"July 18, 1997",Unreleased,Unreleased
Space Invaders,Taito Corporation,Taito Corporation,"March 30, 1990",Unreleased,Unreleased
Space Invaders,Taito Corporation,Nintendo,Unreleased,October 1994,1994
Spanky's QuestLucky Monkey JP,Natsume,Natsume,"April 26, 1991",July 1992,1992
Speedball 2: Brutal Deluxe,Spidersoft,Mindscape,Unreleased,October 1992,1992
Speedy GonzalesSoreyuke! Speedy Gonzales JP,Sunsoft,Sunsoft,"April 29, 1994",July 1993,1993
Spider-Man 3: Invasion of the Spider-Slayers,Bits Studios,LJN,Unreleased,July 1993,1993
Spider-Man and the X-Men in Arcade's Revenge,Unexpected Development,LJN,Unreleased,December 1993,1994
Spirou,Bit Managers,Infogrames,Unreleased,Unreleased,1996
SplitzSplitz: Nigaoe 15 Game JP,Enigma Variations,Imagineer,"June 25, 1993",Unreleased,1993
Sports Illustrated for Kids: The Ultimate Triple Dare!,Halestorm,Malibu Games,Unreleased,April 1994,Unreleased
Sports Illustrated: Championship Football & Baseball,Halestorm,Malibu Games,Unreleased,October 1993,Unreleased
Sports Illustrated: Golf Classic,Unexpected Development,Malibu Games,Unreleased,October 1994,1993
Spot: The Cool AdventureMcDonaldland EUSpot: Cool Adventure JP,Visual Concepts,Ocean EUVirgin Interactive NA/JP,"February 11, 1994",January 1993,1992
Spot: The Video GameSpot JP,Software Creations,Virgin Interactive NABullet-Proof Software JPHi Tech Expressions EU,"October 16, 1992",September 1991,1992
Spud's AdventureTotsugeki! Valetions JP,Atlus,Atlus,"January 25, 1991",June 1991,Unreleased
Spy vs. Spy: Operation BoobytrapTrappers Tengoku: Spy vs. Spy JP,,Kemco,"May 2, 1992",September 1992,1992
Square Deal: The Game of Two Dimensional PokerCadillac II JP,Hect,Hect JPDTMC NA,"November 30, 1990",April 1992,Unreleased
Star Sweep,Fupac,Axela,"December 19, 1997",Unreleased,Unreleased
Star Trek Generations: Beyond the Nexus,Imagineering,Absolute Entertainment NAGameTek EU,Unreleased,November 1994,1995
Star Trek: 25th Anniversary,Visual Concepts,Ultra Games NAPalcom Software EU,Unreleased,February 1992,1992
Star Trek: The Next Generation,Imagineering,Absolute Entertainment NAGameTek EU,Unreleased,June 1993,1993
Star Wars,NMS Software,Capcom NAUbisoft EU,Unreleased,November 1992,"June 17, 1993"
Star Wars: The Empire Strikes Back,NMS Software,Ubisoft EUCapcom NA,Unreleased,January 1993,1992
Stargate,Probe Entertainment Limited,Acclaim,Unreleased,December 1994,1995
StarHawk,NMS Software,Accolade,Unreleased,Unreleased,June 1993
Stop That Roach!Hoi Hoi: Game Boy Ban JP,Koei,Koei,"February 18, 1994",June 1994,Unreleased
Street Fighter II,Sun L,Capcom JPNintendo NA/EU,"August 11, 1995",September 1995,1995
Street Racer,Vivid Image,Ubisoft,"September 27, 1996",December 1996,1996
Sumo FighterSumo Fighter: Tōkaidō Basho JP,KID,I'Max JPDTMC NA,"April 26, 1991",March 1993,Unreleased
Sunsoft Grand PrixF1 Boy JP,Lenar,ASK Kodansha JPSunsoft EU,"September 28, 1990",Unreleased,1992
Super B-Daman: Fighting Phoenix,Amble,Hudson Soft,"July 11, 1997",Unreleased,Unreleased
Super Battletank: War in the Gulf,Panoramic SoftwareEastridge Technology,Absolute Entertainment NAGameTek EU,Unreleased,April 1994,1994
Super Bikkuriman: Densetsu no Sekiban,Tom Create,Yutaka,"December 11, 1992",Unreleased,Unreleased
Super Black BassSuper Black Bass Pocket JP,Starfish,starfish JPHot B NA,"December 28, 1996",November 1998,Unreleased
Super Black Bass Pocket 2,Starfish,starfish,"June 20, 1997",Unreleased,Unreleased
Super Chase H.Q.,ITL,Taito Corporation,Unreleased,January 1994,1994
Super Chinese Fighter GB,,Culture Brain,"December 28, 1996",Unreleased,Unreleased
Super Chinese Land 1-2-3 Dash,,Culture Brain,"September 13, 1996",Unreleased,Unreleased
Super Chinese Land 3,,Culture Brain,"January 13, 1995",Unreleased,Unreleased
Super Hunchback,,Ocean NA/EUImagineer JP,"June 26, 1992",April 1992,1992
Super James Pond,Millennium Interactive,Ocean,Unreleased,Unreleased,1992
Super Kick OffPro Soccer JP,Enigma Variations,Imagineer,"March 27, 1992",Unreleased,1991
Super Mario Land,Nintendo,Nintendo,"April 21, 1989","July 31, 1989","September 28, 1990"
Super Mario Land 2: 6 Golden CoinsSuper Mario Land 2: 6 Tsu no Kinka JP,Nintendo,Nintendo,"October 21, 1992","November 2, 1992","January 28, 1993"
Super Momotaro Dentetsu,,Hudson Soft,"March 8, 1991",Unreleased,Unreleased
Super Momotaro Dentetsu II,,Hudson Soft,"February 18, 1994",Unreleased,Unreleased
Super Off Road,NMS Software,Tradewest,Unreleased,November 1992,Unreleased
Super Pachinko Taisen,Kan's,Banpresto,"June 30, 1995",Unreleased,Unreleased
Super R.C. Pro-Am,Rare,Nintendo,Unreleased,October 1991,"April 23, 1992"
Super Robot Taisen,Winkysoft,Banpresto,"April 20, 1991",Unreleased,Unreleased
Super Scrabble,Imagineering,Milton Bradley Company,Unreleased,March 1991,Unreleased
Super Star Wars: Return of the Jedi,Realtime Associates,Black Pearl Software,Unreleased,November 1995,1995
Super Street Basketball,C-Lab,VAP,"March 19, 1992",Unreleased,Unreleased
Super Street Basketball 2,Arcadia,VAP,"September 16, 1994",Unreleased,Unreleased
Superman,Titus Software,Titus Software,Unreleased,December 1997,1997
Swamp Thing,Equilibrium,THQ,Unreleased,October 1992,1992
The Sword of HopeSelection: Erabareshi Mono JP,Kemco,Kemco,"December 28, 1989",June 1991,1991
The Sword of Hope IISelection II: Ankoku no Fuuin JP,Kemco,Kemco,"September 4, 1992",September 1996,Unreleased
T2: The Arcade Game,Beam Software,LJN NA/EUAcclaim Japan JP,"February 25, 1994",November 1992,1993
Taikyoku Renju,,Towa Chiki,"February 23, 1990",Unreleased,Unreleased
Tail 'GatorShippo de Bun JP,Natsume,Natsume NA/EUVAP,"January 24, 1992",June 1991,1991
Taiyou no Tenshi Marlow: O Hanabatake wa Dai-Panic,,Technōs Japan,"May 27, 1994",Unreleased,Unreleased
Taiyou no Yuusha Fighbird GB,Japan System House,Irem,"December 20, 1991",Unreleased,Unreleased
TaleSpin,Dual,Capcom NABandai EU,Unreleased,December 1992,1993
TamagotchiGame de Hakken!! Tamagotchi JP,Tom Create,Bandai,"June 27, 1997",October 1997,1997
Tarzan: Lord of the Jungle,Eurocom,GameTek,Unreleased,October 1994,1994
Tasmania StoryTasmania Monogatari JP,,Pony Canyon JPFCI NA,"July 27, 1990",April 1991,Unreleased
Taz-ManiaLooney Tunes 2: Tazmanian Devil in Island Chase EU,David A. Palmer Productions,Sunsoft,Unreleased,September 1994,1994
Taz-Mania 2Taz-Mania EU,Beam Software,THQ,Unreleased,January 1997,1993
Tecmo BowlTecmo Bowl GB JP,Sculptured Software,Tecmo,"September 27, 1991",September 1991,Unreleased
Teenage Mutant Ninja Turtles II: Back from the SewersTeenage Mutant Ninja Turtles 2 JPTeenage Mutant Hero Turtles II: Back From the Sewers EU,Konami,Konami,"November 15, 1991","December 1, 1991","May 21, 1992"
Teenage Mutant Ninja Turtles III: Radical RescueTeenage Mutant Ninja Turtles 3: Turtles Kiki Ippatsu JPTeenage Mutant Hero Turtles III: Radical Rescue EU,Konami,Konami,"November 26, 1993","November 25, 1993","November 27, 1993"
Teenage Mutant Ninja Turtles: Fall of the Foot ClanTeenage Mutant Ninja Turtles JPTeenage Mutant Hero Turtles: Fall of the Foot Clan EU,Konami,Konami JP/EUUltra Games NA,"August 3, 1990",August 1990,1990
Tekichuu Rush,,Japan Clary Business,"July 30, 1993",Unreleased,Unreleased
Tekkyu Fight! The Great Battle Gaiden,Sun L,Banpresto,"July 30, 1993",Unreleased,Unreleased
Tenchi o Kurau,Sun L,Capcom,"April 22, 1994",Unreleased,Unreleased
Tenjin Kaisen 2: Yomihon Yumegoyomi,KAZe,Meldac,"March 13, 1992",Unreleased,Unreleased
Tennis,Nintendo,Nintendo,"May 29, 1989","July 31, 1989",1990
Terminator 2: Judgment Day,Bits Studios,LJN,Unreleased,January 1992,1992
Tesserae,Eurocom,GameTek,Unreleased,August 1993,1993
Tetris,Nintendo,Nintendo,"June 14, 1989","July 31, 1989","September 28, 1990"
Tetris 2Tetris Flash JP,TOSE,Nintendo,"June 14, 1994",December 1993,"October 27, 1994"
Tetris AttackYoshi no Panepon JP,Intelligent Systems,Nintendo,"October 26, 1996",August 1996,"November 28, 1996"
Tetris BlastSuper Bombliss JP,TOSE,Bullet-Proof Software JPNintendo NA/EU,"March 17, 1995",January 1996,1996
Tetris Plus,Natsume,Jaleco JPNintendo NA/EU,"December 27, 1996","August 25, 1997",1996
Tintin in Tibet,Bit Managers,Infogrames,Unreleased,Unreleased,1994
Tintin: Prisoners of the Sun,Bit Managers,Infogrames,Unreleased,Unreleased,1995
Tiny Toon Adventures 2: Montana's Movie MadnessTiny Toon Adventures 2: Buster Bunny no Kattobi Daibouken JP,Konami,Konami,"December 22, 1993",November 1993,1993
Tiny Toon Adventures: Babs' Big BreakTiny Toon Adventures JP,Konami,Konami,"February 1, 1992",February 1992,1992
Tiny Toon Adventures: Wacky SportsTiny Toon Adventures 3: Doki Doki Sports Festival JP,Konami,Konami,"November 25, 1994",December 1994,1994
Tip OffGB Basketball JP,Enigma Variations,Imagineer,"March 19, 1993",Unreleased,1993
Titus the Fox,Aqua Pacific,Titus Software,Unreleased,June 1993,1993
Tokio Senki: Eiyuu Retsuden,,Human Entertainment,"January 10, 1992",Unreleased,Unreleased
Tokoro's Mahjong Jr.,,Vic Tokai,"December 22, 1994",Unreleased,Unreleased
Tokyo Disneyland: Fantasy Tour,TOSE,Tomy,"July 24, 1998",Unreleased,Unreleased
Tokyo Disneyland: Mickey no Cinderella Shiro Mystery Tour,Graphic Research,Tomy,"December 22, 1995",Unreleased,Unreleased
Tom & Jerry,Beam Software,Hi Tech Expressions NA/EUAltron JP,"December 18, 1992",October 1992,1992
Tom and Jerry: Frantic AnticsTom & Jerry 2: The Movie EUTom and Jerry Part 2 JP,Beam Software,Hi Tech Expressions NA/EUAltron JP,"January 14, 1994",October 1993,1993
Top Gun: Guts and Glory,Distinctive Software,Konami,Unreleased,January 1993,1993
Top Rank TennisTop Ranking Tennis EU,Pax Softnica,Nintendo,Unreleased,May 1993,1993
Torpedo Range,SETA Corporation,SETA Corporation JPRomstar NA,"April 27, 1991",November 1996,Unreleased
Total Carnage,,Malibu Games,Unreleased,February 1994,1994
Tottemo! Lucky Man: Lucky Cookie Minna Daisuki!!,,Bandai,"September 22, 1994",Unreleased,Unreleased
The Tower of Druaga,TOSE,Angel,"December 31, 1990",Unreleased,Unreleased
Toxic Crusaders,Realtime Associates,Bandai,Unreleased,September 1992,Unreleased
Toy Story,Tiertex Design Studios,Black Pearl Software,Unreleased,May 1996,1996
Track & FieldKonamic Sports in Barcelona JP,Konami,Konami,"July 17, 1992",September 1992,1992
Track MeetTrack Meet: Mezase! Barcelona JPLitti's Summer Sports DE,Interplay,Interplay NA/EUHiro JP,"February 14, 1992",1991,1992
TraxTotsugeki! Ponkotsu Tank JP,HAL Laboratory,HAL Laboratory JPElectro Brain NA/EU,"January 8, 1991",September 1991,1991
Trip World,Sunsoft,Sunsoft,"November 27, 1992",Unreleased,1993
True Lies,Beam Software,LJN,Unreleased,February 1995,1995
Trump Boy,,Pack-In-Video,"March 29, 1990",Unreleased,Unreleased
Trump Boy II,,Pack-In-Video,"November 9, 1990",Unreleased,Unreleased
Trump Collection GB,,Bottom Up,"November 28, 1997",Unreleased,Unreleased
Tsume Go Series 1: Fujisawa Hideyuki Meiyo Kisei,,Magical Company,"October 19, 1994",Unreleased,Unreleased
Tsume Shogi Hyakuban Shoubu,C-Lab,Imagineer,"April 8, 1994",Unreleased,Unreleased
Tsume Shogi Mondai Teikyou: Shogi Sekai,Use Corporation,I'Max,"April 15, 1994",Unreleased,Unreleased
Tsume Shogi: Kanki Godan,,Magical Company,"October 19, 1994",Unreleased,Unreleased
Tsuri Sensei,Ocarina System,J-Wing,"September 11, 1998",Unreleased,Unreleased
Tumblepop,Data East,Data East JPSunsoft NA,"November 20, 1992",March 1993,Unreleased
Turn and Burn: The F-14 Dogfight SimulatorPhantom Air Mission EU,Imagineering,Absolute Entertainment NA ActivisionEU,Unreleased,May 1992,1992
Turok: Battle of the BionosaursTurok JP,Bit Managers,Acclaim NA/EUStarfish JP,"August 7, 1998","December 1, 1997",1998
Turrican,The Code Monkeys,Accolade,Unreleased,November 1991,1991
TV Champion,Tom Create,Yutaka,"October 28, 1994",Unreleased,Unreleased
Twin,,Athena,"January 31, 1992",Unreleased,Unreleased
Uchuu no Kishi Tekkaman Blade,Sun L,Yutaka,"December 18, 1992",Unreleased,Unreleased
Uchuu Senkan Yamato,,Bec,"July 17, 1992",Unreleased,Unreleased
Ultima: Runes of VirtueUltima JP,Origin Systems,Pony Canyon JPFCI NA,"December 14, 1991",July 1992,Unreleased
Ultima: Runes of Virtue IIUltima 2 JP,Origin Systems,Pony Canyon JPFCI NA,"November 19, 1993",March 1994,Unreleased
Ultra GolfKonamic Golf JPKonami Golf EU,Konami,Konami JP/EUUltra Games NA,"November 1, 1991",March 1992,1994
Ultraman,,Bec,"December 29, 1991",Unreleased,Unreleased
Ultraman Ball,,Bec,"December 22, 1994",Unreleased,Unreleased
Ultraman Chou Toushi Gekiden,,Angel,"August 26, 1994",Unreleased,Unreleased
Ultraman Club: Teki Kaijuu o Hakken Seyo!,TOSE,Bandai,"May 26, 1990",Unreleased,Unreleased
Umi no Nushi Tsuri 2,TOSE,Pack-In-Video,"July 10, 1998",Unreleased,Unreleased
Undercover Cops Gaiden: Hakaishin Garumaa,,Irem,"December 10, 1993",Unreleased,Unreleased
Universal Soldier,The Code Monkeys,Accolade,Unreleased,December 1992,1993
Uno 2: Small World,Jupiter Corporation,Tomy,"March 3, 1995",Unreleased,Unreleased
Uno: Small World,,Tomy,"November 26, 1993",Unreleased,Unreleased
Urban Strike,Borta,Black Pearl Software,Unreleased,November 1996,1996
Urusei Yatsura: Miss Tomobiki o Sagase!,KID,Yanoman,"July 3, 1992",Unreleased,Unreleased
V-Rally: Championship Edition,Velez & Dubail,Ocean,Unreleased,Unreleased,1998
Vattle Giuce,,IGS,"July 12, 1991",Unreleased,Unreleased
Vegas Stakes,HAL Laboratory,Nintendo,Unreleased,December 1995,Unreleased
Versus Hero: Kakutou Ou e no Michi,,Banpresto,"August 7, 1992",Unreleased,Unreleased
Volley Fire,,Toei Animation,"June 29, 1990",Unreleased,Unreleased
Wario Blast: Featuring Bomberman!Bomberman GB JP,A.I,Hudson Soft JP Nintendo NA/EU,"August 10, 1994",November 1994,1994
Wario Land II,Nintendo,Nintendo,Cancelled,"March 2, 1998","March 26, 1998"
Wario Land: Super Mario Land 3Super Mario Land 3: Wario Land JP,Nintendo,Nintendo,"January 21, 1994","February 7, 1994","May 13, 1994"
Waterworld,PAM Development,Ocean,Unreleased,Cancelled,1995
Wave Race,Pax Softnica,Nintendo,Unreleased,July 1992,"June 24, 1997"
Wayne's World,Radical Entertainment,THQ,Unreleased,November 1993,Unreleased
WCW World Championship Wrestling: The Main EventWCW Wrestling: The Main Event EU,Beam Software,FCI,Unreleased,February 1994,1994
We're Back! A Dinosaur's StoryBaby T-Rex EUBamse SWAgroSoar AU,Beam Software,Hi Tech Expressions NALaser Beam Entertainment AU/EU,Unreleased,October 1993,1993
Wedding Peach: Jamapii Panic,Atelier Double,KSS,"December 8, 1995",Unreleased,Unreleased
Welcome Nakayoshi Park,Tom Create,Bandai,"March 3, 1994",Unreleased,Unreleased
Wheel of FortuneGlücksrad DE,Data Design Interactive,GameTek,Unreleased,September 1990,1990
Who Framed Roger Rabbit,Capcom,Capcom,Unreleased,November 1991,1991
WildSnakeSuper Snakey JP,Bullet-Proof Software,Spectrum HoloByte NA Yojigen JP,"December 20, 1994",September 1994,Unreleased
Winner's Horse,NCS,NCS,"September 20, 1991",Unreleased,Unreleased
Winter Olympic Games: Lillehammer '94Winter Gold EU,Unexpected Development,U.S. Gold,Unreleased,January 1994,1994
Wizardry Gaiden 1: Suffering of the Queen,Sir-Tech,ASCII Corporation,"October 1, 1991",Unreleased,Unreleased
Wizardry Gaiden 2: Curse of the Ancient Emperor,Sir-Tech,ASCII Corporation,"December 26, 1992",Unreleased,Unreleased
Wizardry Gaiden 3: Scripture of the Dark,Sir-Tech,ASCII Corporation,"September 25, 1993",Unreleased,Unreleased
Wizards & Warriors X: The Fortress of Fear,Rare,Acclaim,Unreleased,January 1990,1990
WordZap,Realtime Associates,Jaleco,Unreleased,September 1992,Unreleased
Wordtris,Realtime Associates,Spectrum HoloByte,Unreleased,November 1992,Unreleased
World Beach Volley: 1992 GB CupWorld Beach Volley: 1991 GB Cup JP,Graphic Research,IGS JPTaito Corporation EU,"December 13, 1991",Cancelled,1992
World Bowling,Athena,Athena JPRomstar NA,"January 13, 1990",April 1990,Unreleased
World Circuit SeriesF-1 Spirit JPThe Spirit of F-1 EU,Konami,Konami JP/EUUltra Games NA,"February 28, 1991",March 1992,1992
World Cup 98,Tiertex Design Studios,THQ,Unreleased,June 1998,June 1998
World Cup USA '94,Tiertex Design Studios,Sunsoft JPU.S. Gold EU,"July 29, 1994",Cancelled,1994
World Heroes 2 JetNettou World Heroes 2 Jet JP,Takara,Takara,"February 24, 1995",August 1995,1995
World Ice Hockey,,Athena,"April 12, 1991",Unreleased,Unreleased
Worms,Team17,Ocean,Unreleased,Unreleased,1995
WWF King of the Ring,Eastridge Technology,LJN NA/EUAcclaim Japan JP,"March 25, 1994",September 1993,1994
WWF Raw,Realtime Associates,LJN,Unreleased,September 1994,1994
WWF Superstars,Rare,LJN NA/EUHot B JP,"February 14, 1992",April 1991,1991
WWF Superstars 2,Sculptured Software,LJN NA/EUAcclaim Japan JP,"May 21, 1993",August 1992,1993
WWF War Zone,Probe Entertainment Limited,Acclaim,Unreleased,June 1998,1998
X,Nintendo,Nintendo,"May 29, 1992",Unreleased,Unreleased
Xenon 2 Megablast,Teeny Weeny Games,Mindscape NA/EUPCM Complete JP,"December 25, 1992",October 1992,1992
Xerd no Densetsu,Graphic Research,Vic Tokai,"October 18, 1991",Unreleased,Unreleased
Xerd no Densetsu 2: Xerd!! Gishin no Ryouiki,Graphic Research,Vic Tokai,"February 19, 1993",Unreleased,Unreleased
Yakuman,Intelligent Systems,Nintendo,"April 21, 1989",Unreleased,Unreleased
Yamakawa Ichimonittou Nihonshi B Yougo Mondaishuu,C-Lab,Imagineer,"April 22, 1998",Unreleased,Unreleased
Yamakawa Ichimonittou Sekaishi B Yougo Mondaishuu,C-Lab,Imagineer,"March 20, 1998",Unreleased,Unreleased
Yogi Bear's Gold RushYogi Bear in Yogi Bear's Goldrush EU,Entertainment Int,GameTek NAEmpire Interactive EU,Unreleased,October 1994,"November 24, 1994"
YoshiYoshi no Tamago JPMario & Yoshi EU,Game Freak,Nintendo,"December 14, 1991",July 1992,"December 17, 1992"
Yoshi's Cookie,TOSE,Nintendo,"November 21, 1992",April 1993,"April 28, 1993"
Yu-Gi-Oh! Duel Monsters,KCE Shinjuku,Konami,"December 16, 1998",Unreleased,Unreleased
Yū Yū Hakusho,Tomy,Tomy,"July 23, 1993",Unreleased,Unreleased
Yū Yū Hakusho Dai-Ni-Dan: Ankoku Bujutsu Kai Hen,,Tomy,"December 10, 1993",Unreleased,Unreleased
Yū Yū Hakusho Dai-San-Dan: Makai no Tobira,,Tomy,"June 3, 1994",Unreleased,Unreleased
Yū Yū Hakusho Dai-Yon-Dan: Makai Tōitsu Hen,,Tomy,"December 9, 1994",Unreleased,Unreleased
Z-Kai Kyuukyoku no Eigo Koubun 285,Tomcat System,Imagineer,"November 28, 1997",Unreleased,Unreleased
Z-Kai Kyuukyoku no Eijukugo 1017,Tomcat System,Imagineer,"October 1, 1997",Unreleased,Unreleased
Z-Kai Kyuukyoku no Eitango 1500,Tomcat System,Imagineer,"July 11, 1997",Unreleased,Unreleased
Zen-Nippon Pro Wrestling Jet,Geo Factory,NCS,"July 15, 1994",Unreleased,Unreleased
Zen: Intergalactic Ninja,Konami,Konami,Unreleased,1993,1993
Zettai Muteki Raijin-Oh,,Tomy,"December 28, 1991",Unreleased,Unreleased
Zoids Densetsu,Nova Games,Tomy,"June 15, 1990",Unreleased,Unreleased
"Zool: Ninja of the ""Nth"" Dimension",Gremlin Graphics,GameTek NAGremlin GraphicsEU,Unreleased,1993,1993
Zoop,Hookstone Productions,Viacom New Media NA/EUYanoman JP,"January 31, 1997","November 5, 1995",1995
