2TaxGold,Atelier Double,Human Entertainment,Unreleased,Unreleased,"January 17, 1996"
3D Baseball (NA)3D Baseball: The Majors (JP),Crystal Dynamics,Crystal Dynamics (NA)BMG Entertainment (JP),"November 30, 1996",Unreleased,"January 31, 1997"
3D Lemmings,Clockwork Games,Psygnosis (EU)Imagineer (JP),Unreleased,"July 5, 1996","August 23, 1996"
3×3 Eyes: Kyuusei Koushu S,Nihon Create,Nihon Create,Unreleased,Unreleased,"April 19, 1996"
Actua Soccer Club Edition,Gremlin Interactive,Gremlin Interactive,Unreleased,June 1997,Unreleased
Advanced V.G.,Giga/TGL,TGL,Unreleased,Unreleased,"March 14, 1997"
Advanced World War Sennen Teikoku no Koubou: Last of the Millennium,Sega,SegaSatakore(re-release)[7],Unreleased,Unreleased,"March 20, 1997"
AI Igo,ISCO,ASCII Something Good,Unreleased,Unreleased,"July 11, 1997"
AI Shougi,ASCII,SoftBank,Unreleased,Unreleased,"August 25, 1995"
AI Shougi 2,ASCII,ASCII Something Good,Unreleased,Unreleased,"June 11, 1998"
Air Management '96,Koei,Koei,Unreleased,Unreleased,"March 26, 1996"
Airs Adventure (jp),Game Studio,Game Studio,Unreleased,Unreleased,"December 20, 1996"
Akumajou Dracula X: Gekka no Yasoukyoku (Castlevania: Symphony of the Night),KCE Nagoya,Konami,Unreleased,Unreleased,"June 25, 1998"
Albert Odyssey: Legend of Eldean,Sunsoft,"Working DesignsUS, SunsoftJP","July 24, 1997",Unreleased,"August 9, 1996"
Album Club: Mune Kyun Saint Paulia Jogakuin,Societa Daikanyama,Societa Daikanyama,Unreleased,Unreleased,"July 11, 1997"
Alien Trilogy,Probe Entertainment,Acclaim Entertainment,"August 8, 1996","September 4, 1996","August 30, 1996"
All-Star 1997 Featuring Frank Thomas,Iguana Entertainment UK,Acclaim Entertainment,"May 29, 1997",Unreleased,Unreleased
Alone in the Dark: One-Eyed Jack's Revenge,Infogrames,Kokopeli Digital Studios,August 1996,May 1996,"February 23, 1996"
Amagi Shien,Clip House,Sunsoft,Unreleased,Unreleased,"February 14, 1997"
America Oudan Ultra Quiz,Pegasus Japan,Victor Entertainment,Unreleased,Unreleased,"October 27, 1997"
Amok,Lemon,Scavenger,"January 17, 1997","March 6, 1997","June 20, 1997"
Andretti Racing,High Score Entertainment,Electronic Arts,"October 31, 1996","February 7, 1997",Unreleased
AnEarth Fantasy Stories: The First Volume,"MediaWorks, Inc.","MediaWorks, Inc.",Unreleased,Unreleased,"March 28, 1997"
Angel Graffiti S: Anata e no Profile,Astrovision,Coconuts Japan,Unreleased,Unreleased,"July 25, 1997"
Angel Paradise Vol. 1: Sakaki Yuko: Koi no Yokan in Hollywood,Scarab,Sammy Entertainment,Unreleased,Unreleased,"April 19, 1996"
Angel Paradise Vol. 2: Yoshino Kimika: Isshoni I-ta-i in Hawaii,Scarab,Sammy Entertainment,Unreleased,Unreleased,"September 13, 1996"
Angelique Duet,Koei,Koei,Unreleased,Unreleased,"July 30, 1998"
Angelique Special,Koei,Koei,Unreleased,Unreleased,"March 29, 1996"
Angelique Special 2,Koei,Koei,Unreleased,Unreleased,"April 4, 1997"
Another Memories,Starlight Marry,Starlight Marry,Unreleased,Unreleased,"July 2, 1998"
"Aponashi Girls: Olympos(limited edition, three-part set)",Human Entertainment,Human Entertainment,Unreleased,Unreleased,"December 20, 1996"
Aqua-World: Umi Monogatari,Masudaya Corporation,Masudaya Corporation,Unreleased,Unreleased,"July 12, 1996"
Aquazone Desktop Life,OPeNBooK9003,9003,Unreleased,Unreleased,"July 12, 1996"
Aquazone Option Disc Series 1 Angel Fish (Expansion),OPeNBooK9003,OPeNBooK9003,Unreleased,Unreleased,"December 20, 1996"
Aquazone Option Disc Series 2 Black Molly (Expansion),OPeNBooK9003,OPeNBooK9003,Unreleased,Unreleased,"December 20, 1996"
Aquazone Option Disc Series 3 Blue Emperor (Expansion),OPeNBooK9003,OPeNBooK9003,Unreleased,Unreleased,"December 20, 1996"
Aquazone Option Disc Series 4 Clown Loach (Expansion),OPeNBooK9003,OPeNBooK9003,Unreleased,Unreleased,"December 20, 1996"
Aquazone Option Disc Series 5 False Rummy-Nose (Expansion),OPeNBooK9003,OPeNBooK9003,Unreleased,Unreleased,"December 20, 1996"
Arcade Gears: Pu·Li·Ru·La,GOO!,Xing Entertainment,Unreleased,Unreleased,"August 28, 1997"
Arcade Gears: Gun Frontier,Xing Entertainment,Xing Entertainment,Unreleased,Unreleased,"September 25, 1997"
Arcade Gears: Wonder 3,MBA International,Xing Entertainment,Unreleased,Unreleased,"March 5, 1998"
Arcade Gears: Image Fight and XMultiply,Xing Entertainment,Xing Entertainment,Unreleased,Unreleased,"August 20, 1998"
Arcana Strikes,Red Company,Takara,Unreleased,Unreleased,"December 11, 1997"
Area 51,Tantalus Interactive,Midway Games,"November 20, 1996","March 14, 1997","February 7, 1997"
Arthur to Astaroth no Nazomakaimura: Incredible Toons,Magical Formation,Capcom,Unreleased,Unreleased,"August 30, 1996"
Assault Rigs,Psygnosis,SoftBank,Unreleased,Unreleased,"September 11, 1997"
Assault Suit Leynos 2,NCS,Masaya,Unreleased,Unreleased,"February 21, 1997"
Astal,Sega AM7,Sega,"September 27, 1995",Unreleased,"April 28, 1995"
Astra Superstars,Santaclaus,Sunsoft,Unreleased,Unreleased,"August 6, 1998"
Asuka 120% Limited Burning Fest. Limited,Fill-in-Cafe,ASK Kodansha,Unreleased,Unreleased,"October 9, 1997"
Atlantis: The Lost Tales (EU)Atlantis: Secrets d'un monde oublié (FR),Cryo Interactive,Sega,Unreleased,June 1998,Unreleased
Ayakashi Ninden Kunoichiban Plus,Zero SystemSugeeya,Shoeisha,Unreleased,Unreleased,"April 9, 1998"
BackGuiner: Yomigaeru Yuusha-tachi: Hishou-hen Uragiri no Senjou,Ving,Ving,Unreleased,Unreleased,"October 1, 1998"
BackGuiner: Yomigaeru Yuusha-tachi: Hishou-hen Uragiri no Senjou,Ving,Ving,Unreleased,Unreleased,"July 30, 1998"
Baku Baku Animal,Sega,Sega,"August 31, 1996",May 1996,"November 10, 1995"
Bakuretsu Hunter,I'MAX,I'MAX,Unreleased,Unreleased,"April 26, 1996"
Bakuretsu Hunter R,Star Child,King Records,Unreleased,Unreleased,"August 8, 1997"
Bakushou All Yoshimoto Quiz Ou Ketteisen DX,Yoshimoto Kogyo,Yoshimoto Kogyo,Unreleased,Unreleased,"December 1, 1995"
Baldy Land,Banpresto,Creative Edge,Unreleased,Unreleased,"November 26, 1998"
Baroque,Sting Entertainment,Sting Entertainment,Unreleased,Unreleased,"May 21, 1998"
Bases Loaded '96: Double Header,Jaleco,Jaleco,December 1995,Unreleased,"November 22, 1995"
Batman Forever: The Arcade Game,Iguana Entertainment,Acclaim,"November 21, 1996","November 16, 1996","February 14, 1997"
Batsugun,Toaplan,Toaplan,Unreleased,Unreleased,"October 25, 1996"
Battle Arena Toshinden Remix,Takara,Takara,"March 27, 1996","March 29, 1996","November 24, 1995"
Battle Arena Toshinden Ultimate Revenge Attack,Takara,Takara,"November 14, 1996","February 6, 1997","September 27, 1996"
Battle Athletess Daiundoukai,Increment-P,Increment-P,Unreleased,Unreleased,"December 13, 1996"
Battle Garegga,Eighting/Raizing,Eighting/Raizing,Unreleased,Unreleased,"February 26, 1998"
Battle Monsters,Scarab,Acclaim (US/EU)Naxat Soft (JP),"September 30, 1996","September 30, 1996","June 2, 1995"
Battle Stations,Electronic Arts,Electronic Arts,"May 21, 1997","May 21, 1997",Unreleased
BattleSport,Unexpected Developments,Acclaim,"January 1, 1997",Unreleased,Unreleased
Beach de Reach!,Mainichi Communications Inc,Natsu System,Unreleased,Unreleased,"August 20, 1998"
Big Thanks Super Keirin ~Dream With Keirin 50 Years~,Aspect/VAP,VAP,Unreleased,Unreleased,1998
Big Ichigeki! Pachi-Slot Daikouryaku: Universal Museum,Nihon Syscom,ASK Kodansha,Unreleased,Unreleased,"June 14, 1996"
Bishoujo Hanafuda Kikou Michinoku Hitou Koi Monogatari Special,Mainichi Communications Inc,Natsu System,Unreleased,Unreleased,"December 11, 1997"
Bishoujo Senshi Sailor Moon SuperS: Various Emotion,Angel,Angel,Unreleased,Unreleased,"November 29, 1996"
Bishoujo Variety Game: Rapyulus Panic,Shoeisha,Shoeisha,Unreleased,Unreleased,"April 26, 1996"
Black Dawn,Point of View,Virgin Interactive,"January 6, 1996",1996,"April 25, 1997"
Black Fire,Sega,Sega,"November 10, 1995","June 28, 1996","December 22, 1995"
Black/Matrix,Flight Plan,Interchannel,Unreleased,Unreleased,"August 27, 1998"
Blam! Machinehead (Machine HeadUS),Core Design,Eidos InteractiveNAVirgin InteractiveJP,"November 25, 1996",September 1996,"May 25, 1997"
Blast Chamber,Attention to Detail,Activision,"December 31, 1996",1997,Unreleased
Blast Wind,Technosoft,Technosoft,Unreleased,Unreleased,"January 17, 1997"
Blazing Dragons,Crystal Dynamics,Crystal Dynamics,"October 31, 1996",November 1996,Unreleased
Blue Breaker: Ken yorimo Hohoemi wo,"HuneX, NEC Home Electronics",Human Entertainment,Unreleased,Unreleased,"November 27, 1997"
Blue Chicago Blues,Riverhillsoft,Riverhillsoft,Unreleased,Unreleased,"September 22, 1995"
Blue Seed: Kushinada Hirokuden,Sega CS,Sega,Unreleased,Unreleased,"June 23, 1995"
Body Special 264: Girls in Motion Puzzle Vol. 2,Japanese Media Programming,Yanoman,Unreleased,Unreleased,"August 2, 1996"
Bomberman Wars,Metro,Hudson Soft,Unreleased,Unreleased,"April 16, 1998"
Bottom of the 9th,Konami,Konami,"October 18, 1996",Unreleased,Unreleased
Bouken Katsugeki Monomono,Shoeisha Co. Ltd.,Shoeisha Co. Ltd.,Unreleased,Unreleased,"July 24, 1997"
Brain Battle Q,Clef,Clef,Unreleased,Unreleased,"March 15, 1996"
Brain Dead 13,ReadySoft,ReadySoft,"September 30, 1996",Unreleased,"October 10, 1996"
Break Point Tennis,Smart Dog Games,"AcclaimUS, OceanEU, Victor Interactive SoftwareJP","November 21, 1996",December 1996,"June 27, 1997"
BreakThru!,Shoeisha,BMG Victor,Unreleased,Unreleased,"September 22, 1995"
Bubble Bobble featuring Rainbow Islands,Probe Entertainment,Acclaim,"September 3, 1996",November 1996,Unreleased
Bubble Symphony,Ving,Ving,Unreleased,Unreleased,"November 27, 1997"
Bug!,Realtime Associates,Sega,August 1995,October 1995,"December 8, 1995"
Bug Too!,Realtime Associates,Sega,"December 6, 1996","April 24, 1997","January 31, 1997"
Bulk Slash,CAProduction,Hudson Soft,Unreleased,Unreleased,"July 11, 1997"
Burning Rangers,Sonic Team,Sega,"May 31, 1998","June 16, 1998","February 26, 1998"
Bust-a-Move 2: Arcade Edition(Puzzle Bobble 2XJP),Taito,Acclaim (US/EU)Taito (JP),"September 24, 1996","August 28, 1996","July 26, 1996"
Bust-a-Move 3(Puzzle Bobble 3JP),TaitoNJK Techno,"NatsumeUS, AcclaimEU, TaitoJP","December 31, 1997",1997,"March 28, 1997"
Can Can Bunny Extra,"Cocktail Soft, Stack",KID,Unreleased,Unreleased,"October 2, 1997"
Can Can Bunny Premiere,"Cocktail Soft, Stack",KID,Unreleased,Unreleased,"April 5, 1996"
Can Can Bunny Premiere 2,"Cocktail Soft, Stack",KID,Unreleased,Unreleased,"December 20, 1996"
Capcom Generation 1,Capcom,Capcom,Unreleased,Unreleased,"August 27, 1998"
Capcom Generation 2,Capcom,Capcom,Unreleased,Unreleased,"September 23, 1998"
Capcom Generation 3,Capcom,Capcom,Unreleased,Unreleased,"October 15, 1998"
Capcom Generation 4,Capcom,Capcom,Unreleased,Unreleased,"November 12, 1998"
Capcom Generation 5 (Street Fighter CollectionNA/EU),Mitchell Corporation,Capcom,Unreleased,Unreleased,"December 3, 1998"
Casper,Funcom,Interplay,"September 27, 1996","September 13, 1996","April 25, 1997"
Cat the Ripper: 13-ninme no Tanteishi,Tonkin House,Tonkin House,Unreleased,Unreleased,"July 18, 1997"
Center Ring Boxing (NA)Victory Boxing (EU)King of Boxing (JP),Victor Entertainment,"Victor Entertainment, JVC Musical Industries",December 1995,December 1995,"October 20, 1995"
Chaos Control,Infogrames,"Virgin Interactive, Infogrames",Unreleased,September 1996,"December 29, 1995"
Chaos Control Remix,Infogrames,Virgin Interactive,Unreleased,Unreleased,"November 22, 1997"
Chaos Seed,Neverland,Taito,Unreleased,Unreleased,"January 29, 1998"
Chibi Maruko-Chan no Taisen Pazurudama,Konami,Konami,Unreleased,Unreleased,"December 15, 1995"
Choro Q Park,Nextech,Takara,Unreleased,Unreleased,"March 26, 1998"
Cho Aniki: Kyukyoku ... Otoko no Gyakushu,Masaya,NCS,Unreleased,Unreleased,"March 29, 1996"
Choujikuu Yousai Macross: Ai Oboete Imasu ka,Scarab,Bandai Visual,Unreleased,Unreleased,"June 6, 1997"
Christmas Nights,Sonic Team,Sega,"December 12, 1996","November 14, 1996","November 22, 1996"
Civilization: Shin Sekai Shichi Dai Bunmei,MicroProse,Asmik,Unreleased,Unreleased,"May 2, 1997[8]"
Cleopatra Fortune,"Taito, Natsume",Taito,Unreleased,Unreleased,"February 14, 1997"
Clockwork Knight,AM7,Sega,"May 11, 1995","July 8, 1995","December 9, 1994"
Clockwork Knight 2,Sega,Sega,December 1995,"October 27, 1995","July 28, 1995"
Clockwork Kinght: Pepperouchau no Fukubukuro,Sega,Sega,Unreleased,Unreleased,"December 15, 1995"
ClockWerx,Tokuma Shoten,Tokuma Shoten,Unreleased,Unreleased,"August 9, 1996"
Code R,Team Seven,Quintet/ESP,Unreleased,Unreleased,"July 9, 1998"
College Slam,Iguana Entertainment,Acclaim,February 1996,Unreleased,Unreleased
Command & Conquer,Westwood Studios,Westwood Studios,"December 18, 1996","December 6, 1996","April 25, 1997"
Congo The Movie: The Lost City of Zinj,Jumpin' Jack Software,Jumpin' Jack Software,April 1996,Unreleased,Unreleased
Contra: Legacy of War,Appaloosa Interactive,Konami,"May 21, 1997",Unreleased,Unreleased
The Conveni 2: Zenkoku Chain Tenkai da!,Masterpiece,Human,Unreleased,Unreleased,"March 12, 1998"
The Conveni: Ano Machi wo Dokusen Seyo,"Masterpiece, Access",Human,Unreleased,Unreleased,"March 20, 1997"
Corpse Killer: Graveyard Edition,Digital Pictures,Digital Pictures,1995,Unreleased,Unreleased
Cotton 2,Success,Success,Unreleased,Unreleased,"December 4, 1997"
Cotton Boomerang,Success,Success,Unreleased,Unreleased,"October 8, 1998"
Courier Crisis,New Level Software,GT Interactive,"December 20, 1997",1998,"March 26, 1998"
Creature Shock: Special Edition,Interactive Studios,Data East,1996,Unreleased,"January 19, 1996"
CrimeWave,Eidos Interactive,Eidos Interactive,"March 10, 1997","November 8, 1996","June 27, 1997"
Criticom,Kronos Digital Entertainment,Vic Tokai,1997,Unreleased,"February 28, 1997"
Croc: Legend of the Gobbos,Argonaut Games,Fox Interactive,"November 24, 1997","October 10, 1997","March 26, 1998"
Cross Romance: Ai to Mahjong to Hanafuda to,"Digitalware, Nihon Bussan",Nihon Bussan,Unreleased,Unreleased,"October 9, 1997"
Cross Tantei Monogatari: Motsureta Nanatsu no Labyrinth,WorkJam,WorkJam,Unreleased,Unreleased,"June 25, 1998"
The Crow: City of Angels,Gray Matter,Acclaim Entertainment,"March 12, 1997","February 26, 1997","April 25, 1997"
Crows: The Battle Action For Sega Saturn,Athena,Athena,Unreleased,Unreleased,"December 18, 1997"
Crusader: No Remorse,Realtime Associates,Electronic Arts,"December 31, 1996","March 14, 1997",Unreleased
Crypt Killer,KCET,Konami,"April 24, 1997","March 21, 1997","March 7, 1997"
Cube Battler: Anna Mirai-hen,Yanoman,Yanoman,Unreleased,Unreleased,"May 23, 1997"
Cube Battler: Debugger Shou-hen,Yanoman,Yanoman,Unreleased,Unreleased,"February 28, 1997"
Culdcept,OmiyaSoft,NEC Interchannel,Unreleased,Unreleased,"October 30, 1997"
Cyber Doll,Be Top,l'MAX,Unreleased,Unreleased,"August 9, 1996"
Cyber Speedway(Gran ChaserJP),NexTech,Sega,September 1995,December 1995,"May 26, 1995"
Cyberbots: Full Metal Madness,Capcom,Capcom,Unreleased,Unreleased,"March 28, 1997"
Cyberia,Xatrix,Interplay Entertainment,January 1996,"April 19, 1996","February 16, 1996"
D,WARP,Acclaim Entertainment,"March 5, 1996","March 8, 1996","July 28, 1995"
D-Xhird,Takara,Takara,Unreleased,Unreleased,"May 30, 1997"
Daibouken: Saint Elmos no Kiseki,"Soft Office, FAB",Pai,Unreleased,Unreleased,"April 19, 1996"
Daikoukai Jidai II,Koei,Koei,Unreleased,Unreleased,"March 28, 1997"
Daikoukai Jidai Gaiden,Koei,Koei,Unreleased,Unreleased,"January 29, 1998"
Daina Airan (Dinosaur Island),Game Arts,Game Arts,Unreleased,Unreleased,"February 14, 1997"
Daisenryaku Strong Style,SystemSoft,Dual / OZ Club,Unreleased,Unreleased,"June 27, 1997"
Daisuki,Success,Gaga Communications,Unreleased,Unreleased,"July 4, 1997"
Daitoride,Metro,Metro,Unreleased,Unreleased,"June 28, 1996"
Darius II,I.T.L Inc.,Sega (EU)Taito (JP),Unreleased,June 1996,"June 7, 1996"
Darius Gaiden,Aisystem Tokyo,Acclaim (US/EU)Taito (JP),January 1996,March 1996,"December 15, 1995"
Dark Hunter (Ge) Youma no Mori,Koei,Koei,Unreleased,Unreleased,"May 30, 1997"
Dark Hunter (Jou) Youma no Mori,Koei,Koei,Unreleased,Unreleased,"April 4, 1997"
Dark Legend (NA)Outlaws of the Lost Dynasty (EU)Suiko Enbu (JP),Data East,Data East,"October 1, 1995",Unreleased,"August 11, 1995"
Dark Savior,SIMS,Sega,"December 12, 1996","July 20, 1997","August 30, 1996"
Dark Seed,Cyberdreams,Gaga Communications,Unreleased,Unreleased,"July 7, 1995"
Dark Seed II,Cyberdreams,"Bandai Visual, B-Factory",Unreleased,Unreleased,"August 29, 1997"
Darklight Conflict,Rage Software,Electronic Arts,"July 1, 1997",July 1997,Unreleased
Daytona USA,Sega AM2,Sega,"May 11, 1995","July 8, 1995","April 1, 1995"
Daytona USA: Championship Circuit Edition(Daytona USA: Circuit EditionJP),Sega AM2,Sega,"November 21, 1996","November 14, 1996","January 24, 1997"
Daytona USA CCE NetLink Edition,Sega AM-2,Sega,October 1997,Unreleased,Unreleased
Death Crimson,Ecole,Ecole,Unreleased,Unreleased,"August 9, 1996"
Death Throttle: Kakuzetsu Toshi kara no Dasshutsu,MediaQuest,"MediaQuest, Infini Entertainment Technology",Unreleased,Unreleased,"July 12, 1996"
DeathMask,Vantan International Tennou KoujouElectric Dreams,Vantan International Tennou Koujou,Unreleased,Unreleased,"February 16, 1996"
Dead or Alive,Team Ninja,Tecmo,Unreleased,Unreleased,"October 9, 1997"
DecAthlete(Athlete KingsEU),Sega,Sega,"July 17, 1996",September 1996,"July 12, 1996"
Deep Fear,"Sega AM7System SacomSIMSISCOHighwaystar Co., Ltd",Sega,Unreleased,"September 18, 1998","July 16, 1998"
Defcon 5,Millennium Interactive,Data East,1996,June 1996,"May 31, 1996"
Dejig Aqua World,Masudaya,Masudaya,Unreleased,Unreleased,"April 25, 1997"
Dejig Lassen: Art Collection,Masudaya,Masudaya,Unreleased,Unreleased,"December 4, 1997"
Dejig McKnight: Art Collection,Masudaya,Masudaya,Unreleased,Unreleased,"December 4, 1997"
Dejig Tin Toy,Masudaya,Masudaya,Unreleased,Unreleased,"April 25, 1997"
Delisoba Deluxe,Cave,TBS,Unreleased,Unreleased,199?
Denpa Shounen Teki Game,"Hudson SoftFupac Co., Ltd",Hudson Soft,Unreleased,Unreleased,"March 5, 1998"
Densetsu no Ogre Battle,Riverhillsoft,Riverhillsoft,Unreleased,Unreleased,"November 1, 1996"
Densha de Go! EX,Taito,Takara,Unreleased,Unreleased,"October 1, 1998"
Derby Analyst,Media Entertainment,Media Entertainment,Unreleased,Unreleased,"May 30, 1997"
Derby Stallion,ASCII,ASCII,Unreleased,Unreleased,"March 25, 1999"
Deron Dero Dero,Tecmo,Tecmo,Unreleased,Unreleased,"January 26, 1996"
Desire,C's Ware,Imadio,Unreleased,Unreleased,"September 11, 1997"
Destruction Derby,Reflections,Psygnosis,Unreleased,"August 15, 1996","September 20, 1996"
Detana TwinBee Yahoo! Deluxe Pack,Konami,Konami,Unreleased,Unreleased,"September 29, 1995"
Devicereign,Starlight Marry,MediaWorks,Unreleased,Unreleased,"February 25, 1999"
Devil Summoner: Soul Hackers,Atlus,Atlus,Unreleased,Unreleased,"November 13, 1997"
Devil Summoner: Soul Hackers Extra Dungeon,Atlus,Atlus,Unreleased,Unreleased,1997
Dezaemon 2,Athena,Athena,Unreleased,Unreleased,"October 9, 1997"
Die Hard Arcade(Dynamite DekaJP),Sega AM1,Sega,"February 28, 1997","February 27, 1997","January 24, 1997"
Die Hard Trilogy,Probe Entertainment,Fox Interactive,"January 21, 1997","February 28, 1997","January 31, 1997"
Digital Ange: Dennou Tenshi SS,Koga Game Factory,Tokuma Shoten Intermedia,Unreleased,Unreleased,"June 20, 1997"
Digital Dance Mix Vol.1 Namie Amuro,Sega AM2,Sega,Unreleased,Unreleased,"January 10, 1997"
Digital Monster Ver. S: Digimon Tamers,TOSE,Bandai,Unreleased,Unreleased,"September 23, 1998"
Digital Pinball: Last Gladiators,KAZe,Kaze,November 1995,September 1995,"June 23, 1995"
Digital Pinball: Last Gladiators Ver. 9.7,KAZe,Kaze,Unreleased,Unreleased,"September 11, 1997"
Digital Pinball: Necronomicon,KAZe,Kaze,Unreleased,Unreleased,"November 15, 1996"
Disc Station Bessatsu i: I Miss You.,Compile,Compile,Unreleased,Unreleased,"October 30, 1997"
DiscworldTerry Pratchett's DiscworldPAL,Psygnosis,Perfect Entertainment,Unreleased,"August 15, 1996","December 13, 1996"
Discworld II: Missing Presumed...!?Discworld 2: Mortellement VotreFR,Tantalus Entertainment,Perfect Entertainment,Unreleased,September 1997,Unreleased
DJ Wars,Exit,Spike,Unreleased,Unreleased,"December 18, 1997"
DoDonPachi,Cave,Atlus,Unreleased,Unreleased,"September 18, 1997"
DonPachi,Cave,Atlus,Unreleased,Unreleased,"April 26, 1996"
Doom,id Software,GT Interactive,"March 31, 1997",1997,"July 11, 1997"
Doraemon: Nobita to Fukkatsu no Hoshi,Sakata SAS,Epoch,Unreleased,Unreleased,"March 15, 1996"
Double Switch,Digital Pictures,Digital Pictures,November 1995,Unreleased,Unreleased
Doukoku Soshite...,"Sakata SAS, Studio Line",Data East,Unreleased,Unreleased,"February 26, 1998"
Doukoku Soshite... Final Edition,Data East,Data East,Unreleased,Unreleased,"August 6, 1998"
Doukyuusei 2,ELF,NEC Interchannel,Unreleased,Unreleased,"July 11, 1997"
Doukyuusei if,Flight-Plan,NEC Interchannel,Unreleased,Unreleased,"August 9, 1996"
Dragon Ball Z: Idainaru Dragon Ball DensetsuJP(Dragon Ball Z: The LegendPAL),TOSE,Bandai,Unreleased,1996,"May 31, 1996"
Dragon Ball Z: Shin Butoden,TOSE,Bandai,Unreleased,Unreleased,"November 17, 1995"
Dragon Force,J-ForceSega,Sega (JP/EU)Working Designs (NA),"December 12, 1996",August 1997,"March 29, 1996"
Dragon Force II,"Chime Corporation, Sega, ALU",Sega,Unreleased,Unreleased,"April 2, 1998"
DragonHeart: Fire & Steel,Funcom,Acclaim Entertainment,"November 30, 1996",December 1996,Unreleased
Dragon Master Silk,Gimmick House,Datam Polystar,Unreleased,Unreleased,"March 28, 1997"
Dream Generation: Koi ka? Shigoto ka!?...,Reindeer,Nippon Computer Systems,Unreleased,Unreleased,"July 30, 1998"
Dream Square: Hinakata Akiko,Video System,Video System,Unreleased,Unreleased,"February 14, 1997"
Drift King: Shutokou Battle '97,Natsume,Imagineer,Unreleased,Unreleased,"February 28, 1997"
Druid: Yami-He no Tsuiseki Sha,Koei,Koei,Unreleased,Unreleased,"July 2, 1998"
Duke Nukem 3D,Lobotomy Software,Sega,August 1997,"October 30, 1997",Unreleased
Dungeon Master Nexus,Victor Soft,Victor Soft,Unreleased,Unreleased,"March 26, 1998"
Dungeons & Dragons Collection,Capcom,Capcom,Unreleased,Unreleased,"March 4, 1999"
DX Jinsei Game,Takara,Takara,Unreleased,Unreleased,"December 15, 1995"
DX Jinsei Game 2,Takara,Takara,Unreleased,Unreleased,"July 24, 1997"
DX Nippon Tokkyuu Ryokou Game,Japan Media Programming,Takara,Unreleased,Unreleased,"December 20, 1996"
Earthworm Jim 2,Screaming Pink,Playmates Interactive,January 1996,October 1996,"November 11, 1996"
Eberouge,Japan Media Programming,Takara,Unreleased,Unreleased,"May 30, 1997"
Eberouge Special: Koi to Mahou no Gakuen Seikatsu,Japan Media Programming,Takara,Unreleased,Unreleased,"June 11, 1998"
Eisei Meijin,Konami,Konami,Unreleased,Unreleased,"September 29, 1995"
Eisei Meijin II,Konami,Konami,Unreleased,Unreleased,"December 20, 1996"
Eiyuu Shigan: Gal ACT Heroism,Microcabin,Microcabin,Unreleased,Unreleased,"April 16, 1998"
Elevator Action Returns,Ving,Ving,Unreleased,Unreleased,"February 14, 1997"
Elf wo Karu Monotachi,Altron,Altron,Unreleased,Unreleased,"April 25, 1997"
Elf wo Karu Monotachi II,Altron,Altron,Unreleased,Unreleased,"July 16, 1998"
Elf wo Karu Monotachi: Hanafuda Hen,Altron,Altron,Unreleased,Unreleased,"September 4, 1997"
EMIT Vol. 1: Toki no Maigo,Koei,Koei,Unreleased,Unreleased,"March 25, 1995"
EMIT Vol. 2: Meigake no Tabi,Koei,Koei,Unreleased,Unreleased,"April 1, 1995"
EMIT Vol. 3: Watashi ni Sayonara o,Koei,Koei,Unreleased,Unreleased,"April 1, 1995"
Enemy Zero,WARP,Sega,"November 24, 1997",December 1997,"December 13, 1996"
Eternal Melody,"Starlight Marry, MediaWorks",MediaWorks,Unreleased,Unreleased,"October 4, 1996"
Étude Prologue: Yureugoku Kokoro no Katachi,Takuyo,Takuyo,Unreleased,Unreleased,"November 26, 1998"
Eve: Burst Error,C's Ware,"Imagineer, C's Ware",Unreleased,Unreleased,"January 24, 1997"
Eve: The Lost One,C's Ware,Imadio,Unreleased,Unreleased,"March 12, 1998"
F1 Challenge,Bell Corporation,Virgin Interactive,"September 9, 1996",February 1996,"November 2, 1995"
Falcom Classics,JVC,JVC,Unreleased,Unreleased,"November 6, 1997"
Falcom Classics II,JVC,JVC,Unreleased,Unreleased,"October 29, 1998"
Fantastep,Jaleco,Jaleco,Unreleased,Unreleased,"April 25, 1997"
Fantastic Pinball Kyutenkai (Kyuutenkai),Technosoft,Technosoft,Unreleased,Unreleased,"August 25, 1995"
Farland Saga,TGL,TGL,Unreleased,Unreleased,"January 29, 1998"
Farland Saga: Toki no Michishirube,TGL,TGL,Unreleased,Unreleased,"December 17, 1998"
Farland Story: Habou no Mai,TGL,TGL,Unreleased,Unreleased,"March 28, 1997"
Father Christmas,Gaga Communications,Gaga Communications,Unreleased,Unreleased,"December 8, 1995"
FEDA Remake!: The Emblem of Justice,Max Entertainment,Yanoman,Unreleased,Unreleased,"May 24, 1996"
FIFA: Road to World Cup 98,Climax Group,Electronic Arts,"December 18, 1997",December 1997,Unreleased
FIFA Soccer '96,Probe Entertainment,Electronic Arts,December 1995,December 1995,"March 15, 1996"
FIFA Soccer '97,EA Canada,EA Sports,"March 20, 1997","April 4, 1997",Unreleased
Fighter's History Dynamite,Rutubo Games,Sega,Unreleased,Unreleased,"July 4, 1997"
Fighters Megamix,Sega,Sega,"April 30, 1997","June 5, 1997","December 21, 1996"
Fighting Vipers,Sega AM2,Sega,"October 29, 1996","November 7, 1996","August 30, 1996"
Final Fight Revenge,Capcom,Capcom,Unreleased,Unreleased,"March 30, 2000"
Find Love 2: Rhapsody,"Daiki, F Creative Factory",Daiki,Unreleased,Unreleased,"November 26, 1998"
Fire Pro Gaiden: Blazing Tornado,Human Entertainment,Human Entertainment,Unreleased,Unreleased,"August 25, 1995"
Fire Pro Wrestling S: 6 Men Scramble,Human Entertainment,Human Entertainment,Unreleased,Unreleased,"December 27, 1996"
Fishing Koushien,A Wave,King Records,Unreleased,Unreleased,"March 15, 1996"
Fishing Koushien II,A Wave,King Records,Unreleased,Unreleased,"May 30, 1997"
FIST,Imagineer,"Imagineer, Genki",Unreleased,Unreleased,"November 22, 1996"
Formula Grand Prix Team Unei Simulation,Coconuts Japan,Coconuts Japan,Unreleased,Unreleased,"November 13, 1997"
Formula Karts Special Edition,Manic Media,Sega,Unreleased,"May 22, 1997",Unreleased
Friends: Seishun no Kagayaki,Stack,NEC InterChannel,Unreleased,Unreleased,"April 29, 1999"
From TV Animation Slam Dunk: I Love Basketball,,Bandai,Unreleased,Unreleased,"August 11, 1995"
Frank Thomas' Big Hurt Baseball,Iguana Entertainment,Acclaim Entertainment,"June 7, 1996",June 1996,"August 2, 1996"
Frankenstein: Through the Eyes of the Monster,Amazing Media,Interplay Entertainment,Unreleased,1997,Unreleased
Free Talk Studio ~Mari no Kimama na O-Shaberi~,Media Entertainment,Media Entertainment,Unreleased,Unreleased,"May 9, 1997"
Full Cowl Mini Yonku Super Factory,Nextech,Media Quest,Unreleased,Unreleased,"July 31, 1997"
Funky Head Boxers,"Sega AM3, Yoshimoto Kogyo",Yoshimoto Kogyo,Unreleased,Unreleased,"January 10, 1997"
Funky Head Boxers Plus,Yoshimoto Kogyo,Yoshimoto Kogyo,Unreleased,Unreleased,"May 2, 1997"
Funky Fantasy,Yoshimoto Kogyo,Tose Software,Unreleased,Unreleased,"December 13, 1996"
Fushigi no Kuni no Angelique,Koei,Koei,Unreleased,Unreleased,"February 28, 1997"
G Vector,Soft Office,Soft Office,Unreleased,Unreleased,"October 16, 1997"
Gaia Breeder,Aspect,Aspect,Unreleased,Unreleased,"November 27, 1997"
Gakkou no Kaidan,Japan Media Programming,Sega,Unreleased,Unreleased,"July 14, 1995"
Gakkou no Kowai Uwasa Hanako-san ga Kita!!,Capcom,Capcom,Unreleased,Unreleased,"August 11, 1995"
Galactic Attack (NA/EU)Layer Section (JP),Taito,Acclaim (US/EU)Taito (JP),December 1995,February 1996,"September 14, 1995"
Galaxy Fight,Santaclaus,SunSoft,"July 3, 1996",July 1996,"November 22, 1995"
Gal Jan (Youen Denshi Mahjong Yuugi Galjan),Warashi,Warashi,Unreleased,Unreleased,"August 9, 1996"
Gale Racer (Rad Mobile),System Sacom,Sega,Unreleased,Unreleased,"December 2, 1994"
Gals Panic SS,"Kaneko, Mainichi Communications",Mainichi Communications,Unreleased,Unreleased,"September 27, 1996"
Gambler Jiko Chuushinha: Tokyo Mahjongland,Game Arts,Game Arts,Unreleased,Unreleased,"October 18, 1996"
Game de Seishun,KID,KID,Unreleased,Unreleased,"April 23, 1998"
Game Nihonshi: Kakumeiji Oda Nobunaga,Koei,Koei,Unreleased,Unreleased,"April 4, 1997"
Game no Tatsujin,"Affect, Success, Chatnoir, Alpha-Beta, Itsui, Sunsoft",Sunsoft,Unreleased,Unreleased,"June 9, 1995"
Game no Tatsujin 2,"Oxford Softworks, Success, Chatnoir, Alpha-Beta, Itsui, Sunsoft",Sunsoft,Unreleased,Unreleased,"March 15, 1996"
Game no Tatsujin The Shanghai,"Activision, Sunsoft",Sunsoft,Unreleased,Unreleased,"October 13, 1995"
Game Tengoku,Jaleco,Jaleco,Unreleased,Unreleased,"June 6, 1997"
Game-Ware(Software),"General Entertainment, Scarab",General Entertainment,Unreleased,Unreleased,"April 5, 1996"
Game-Ware Vol. 2(Software),"General Entertainment, Scarab",General Entertainment,Unreleased,Unreleased,"July 5, 1996"
Game-Ware Vol. 3(Software),"General Entertainment, Scarab",General Entertainment,Unreleased,Unreleased,"October 4, 1996"
Game-Ware Vol. 4(Software),"General Entertainment, ISCO",General Entertainment,Unreleased,Unreleased,"March 7, 1997"
Game-Ware Vol. 5(Software),"General Entertainment, ISCO, Digitalware",General Entertainment,Unreleased,Unreleased,"July 27, 1997"
Garou Densetsu 3: Road to the Final Victory,SegaSIMS,SNK,Unreleased,Unreleased,"June 28, 1996"
Gegege no Kitarou: Gentou Kaikitan,,Bandai,Unreleased,Unreleased,"December 27, 1996"
Gekiretsu Pachinkers,Planning Office Wada,BMG Victor,Unreleased,Unreleased,"August 2, 1996"
Gekirindan Time Travel Shooting,Japan Media Programming,Virgin Interactive,Unreleased,Unreleased,"April 18, 1997"
Gekitotsu Koushien,Magical Company,Magical Company,Unreleased,Unreleased,"August 1, 1997"
Gekka no Kishi: Ouryuusen,Banpresto,Banpresto,Unreleased,Unreleased,"November 22, 1996"
Gensou Suikoden,"Konami, KCE Sapporo",Konami,Unreleased,Unreleased,"September 17, 1998"
Ginga Eiyuu Densetsu,Micro Vision,Tokuma Shoten,Unreleased,Unreleased,"November 29, 1996"
Ginga Eiyuu Densetsu Plus,Micro Vision,Tokuma Shoten,Unreleased,Unreleased,"October 23, 1997"
Ginga Ojousama Densetsu Yuna 3: Lightning Angel,"Red Company, WiLL",Hudson Soft,Unreleased,Unreleased,"December 4, 1997"
Ginga Ojousama Densetsu Yuna Remix,"Red Company, WiLL",Hudson Soft,Unreleased,Unreleased,"December 27, 1996"
Girl Doll Toy: Tamashii wo Kudasai,Xuse,Xuse,Unreleased,Unreleased,"December 23, 1998"
Gex,Beam Software,Crystal Dynamics,"December 18, 1995","April 5, 1996","March 29, 1996"
Ghen War,Jumpin' Jack Software,Sega,September 1995,"June 28, 1996","April 26, 1996"
Go III Professional Taikyoku Igo,Mainichi Communications,Mainichi Communications,Unreleased,Unreleased,"August 1, 1997"
Godzilla Rettoushinkan,Scarab,Sega,Unreleased,Unreleased,"December 22, 1995"
Goiken Muyou: Anarchy in the Nippon,KSS,KSS,Unreleased,Unreleased,"October 2, 1997"
Golden Axe: The Duel,Sega,Sega,"June 27, 1996",December 1995,"September 29, 1995"
Gotha: Ismailia Seneki,Micronet,Sega,Unreleased,Unreleased,"January 27, 1995"
Gouketsuji Ichizoku 3: Groove on Fight,Atlus,Atlus,Unreleased,Unreleased,"May 16, 1997"
Gradius Deluxe Pack,Konami,Konami,Unreleased,Unreleased,"March 29, 1996"
Grand Slam,Burst Studios,Virgin Interactive,May 1997,Unreleased,Unreleased
Grandia,Game Arts,ESP Software,Unreleased,Unreleased,"December 18, 1997"
GranDread,"C-Lab., Bahamut",Banpresto,Unreleased,Unreleased,"November 27, 1997"
Greatest Nine '96,Konami,Konami,Unreleased,Unreleased,"July 19, 1996"
Grid Runner,Radical Entertainment,Virgin Interactive,"November 30, 1996",November 1996,"December 27, 1996"
GT 24,"Natsume, Prosoft Corporation",Jaleco,Unreleased,Unreleased,"May 28, 1998"
Guardian Force,Success,Success,Unreleased,Unreleased,"August 6, 1998"
Guardian Heroes,Treasure,Sega,March 1996,June 1996,"January 26, 1996"
Gunbird,Psikyo,Atlus,Unreleased,Unreleased,"December 15, 1995"
Gunblaze S,Active,KID,Unreleased,Unreleased,"January 29, 1998"
Gungriffon,GameArts,Sega,"June 19, 1996",July 1996,"March 15, 1996"
Gungriffon II,Game Arts,Game Arts/ESP,Unreleased,Unreleased,"April 23, 1998"
Gussun Oyoyo-S,Xing Entertainment,Xing Entertainment,Unreleased,Unreleased,"March 29, 1996"
Hanagumi Taisen Columns,"Sega CS R&D 2, Red Company",Sega,Unreleased,Unreleased,"March 28, 1997"
Hang-On GPNA(Hang-On GP '95JP; Hang-On GP '96EU),Genki,Sega,1995,March 1996,"October 27, 1995"
Hankou Shashin: Shibarareta Shoujo-tachi no Mita Mono ha?,Imagineer,Imagineer,Unreleased,Unreleased,"June 14, 1996"
Hansha de Spark!,Prism,Sieg,Unreleased,Unreleased,"December 23, 1997"
Hardcore 4X4,Gremlin Interactive,ASC Games,November 1996,December 1996,"May 2, 1997"
Harukaze Sentai V-Force,Ving,Ving,Unreleased,Unreleased,"June 27, 1997"
Hatsukoi Monogatari,Axes Art Amuse,Tokuma Shoten Intermedia,Unreleased,Unreleased,"October 1, 1998"
Hattrick Hero S,Taito,Taito,Unreleased,Unreleased,"December 8, 1995"
Haunted Casino,Societa Daikanyama,Societa Daikanyama,Unreleased,Unreleased,"September 27, 1996"
Heartbeat Scramble,Japan Media Programming,Imagineer,Unreleased,Unreleased,"September 6, 1996"
Hebereke's Popoitto,Success,Sunsoft,Unreleased,December 1995,"March 3, 1995"
Heir of Zendor: The Legend and the Land (NA)Gotha II: Tenkuu no Kishi (JP),Micronet,Koei,"December 12, 1996",Unreleased,"March 1, 1996"
Heisei Tensai Bakabon Susume! Bakabons,General Entertainment,General Entertainment,Unreleased,Unreleased,"July 7, 1995"
Heiwa Pachinko Soushingeki,"Naxat Soft, Heiwa, Amtex",Naxat Soft,Unreleased,Unreleased,"October 4, 1996"
Herc's Adventures,LucasArts,LucasArts,"July 31, 1997",Unreleased,Unreleased
Hexen,Atod AB,GT Interactive,"April 30, 1997","March 21, 1997","March 26, 1998"
Hi-Octane,Bullfrog Productions,Electronic Arts,November 1995,December 1995,"March 22, 1996"
High Velocity: Mountain Racing Challenge (NA)Touge King the Spirits (JP),Cave,Atlus,May 1997,Unreleased,"November 10, 1995"
Highway 2000 (NA)Wangan Dead Heat (JP),Genki,Natsume,"November 21, 1996",September 1996,"December 15, 1995"
High School Terra Story,Uran,KID,Unreleased,Unreleased,"July 23, 1998"
Himitsu Sentai Metamor V,Feycraft,Mainichi Communications,Unreleased,Unreleased,"April 23, 1998"
Hissatsu!,Emotion Digital Software,Bandai Visual,Unreleased,Unreleased,"June 28, 1996"
Hissatsu Pachinko Collection,"Sunsoft, Daiichi, Fuji, Nifty-Serve, Chatnoir",Sunsoft,Unreleased,Unreleased,"January 19, 1996"
Hiyake no Omoide & Himekuri: Girls in Motion Puzzle Vol. 1,Japan Media Programming,Yanoman,Unreleased,Unreleased,"December 8, 1995"
Hokuto no Ken,Banpresto,Banpresto,Unreleased,Unreleased,"December 22, 1995"
Honkaku 4nin Uchi Geinoujin Taikyoku Mahjong: The Wareme de Pon,Video System,Video System,Unreleased,Unreleased,"October 10, 1996"
Honkaku Hanafuda,Altron,Altron,Unreleased,Unreleased,"October 29, 1998"
Honkaku Pro Mahjong Tetsuman Special,Chatnoir,Naxat Soft,Unreleased,Unreleased,"August 23, 1996"
Honkaku Shougi Shinan Wakamatsu Shougi Juku,"JSH, SIMS",SIMS,Unreleased,Unreleased,"January 29, 1998"
Hop Step Idol,Media Entertainment,Media Entertainment,Unreleased,Unreleased,"December 4, 1997"
The Horde,Silicon Knights,Crystal Dynamics,"June 1, 1997",May 1996,"March 8, 1996"
Horror Tour,OCC,OCC,Unreleased,Unreleased,"March 29, 1996"
Houkago Renai Club: Koi no Etude,Prosit,KID,Unreleased,Unreleased,"January 15, 1998"
Houma Hunter Lime Perfect Collection,Silence,Asmik,Unreleased,Unreleased,"September 29, 1995"
The House of the Dead,Tantalus Interactive,Sega,"May 5, 1998","April 10, 1998","March 26, 1998"
Hyper 3-D Pinball (NA)Tilt! (EU)Hyper 3D Pinball (JP),NMS Software,Virgin Interactive,"November 20, 1996","September 6, 1996","January 17, 1997[9]"
Hyper 3D Taisen Battle: Gebockers,Riverhillsoft,Riverhillsoft,Unreleased,Unreleased,"February 23, 1996"
Hyper Duel,Technosoft,Technosoft,Unreleased,Unreleased,"November 22, 1996"
Hyper Reverthion,Technosoft,Technosoft,Unreleased,Unreleased,"June 7, 1996"
Hyper Securities S,Victor Interactive Software,Victor Interactive Software,Unreleased,Unreleased,"February 7, 1997"
Ide Yousuke Meijin no Shin Jissen Mahjong,Capcom,Capcom,Unreleased,Unreleased,"June 28, 1996"
Idol Janshi Suchie-Pai II,Jaleco,Jaleco,Unreleased,Unreleased,"April 26, 1996"
Idol Janshi Suchie-Pai Mecha Genteiban: Hatsubai 5 Shuunen (Toku) Package,Jaleco,Jaleco,Unreleased,Unreleased,"November 26, 1998"
Idol Janshi Suchie-Pai Remix,Jaleco,Jaleco,Unreleased,Unreleased,"September 29, 1995"
Idol Janshi Suchie-Pai Secret Album(Software),Jaleco,Jaleco,Unreleased,Unreleased,"March 18, 1999"
Idol Janshi Suchie-Pai Special,Jaleco,Jaleco,Unreleased,Unreleased,"February 24, 1995"
Idol Mahjong Final Romance 2,Video System,ASK Kodansha,Unreleased,Unreleased,"August 11, 1995"
Idol Mahjong Final Romance 4,EXE Create,Video System,Unreleased,Unreleased,"May 21, 1998"
Idol Mahjong Final Romance R,Video System,ASK Kodansha,Unreleased,Unreleased,"March 15, 1996"
Impact Racing,Funcom,JVC Musical Industries,"September 3, 1996","July 5, 1996","June 6, 1997"
In the Hunt,SIMS,Kokopeli,March 1996,June 1996,"December 15, 1995"
Initial D: Koudou Saisoku Densetsu,Genki,Kodansha,Unreleased,Unreleased,"June 25, 1998"
The Incredible Hulk: The Pantheon Saga,Attention to Detail,Eidos Interactive,"January 21, 1997",1997,Unreleased
Independence Day,Radical Entertainment,Fox Interactive,"March 15, 1997","June 13, 1997",Unreleased
Ippatsu Gyakuten: Gambling King he no Michi,Planning Office Wada,BMG Victor,Unreleased,Unreleased,"July 5, 1996"
Irem Arcade Classics,I'MAX,I'MAX,Unreleased,Unreleased,"April 26, 1996"
Iron Man and X-O Manowar in Heavy Metal,Realsports/Realtime Associates,Acclaim Entertainment,"November 14, 1996","September 4, 1996","November 22, 1996"
Iron Storm: World Advanced Strategy (NA)World Advanced Daisenryaku: Koutetsu no Senpuu (JP),SystemSoft Alpha,Sega (JP)Working Designs (NA),April 1996,Unreleased,"September 22, 1995"
Ishin no Arashi,Koei,Koei,Unreleased,Unreleased,"September 25, 1997"
J.League Go Go Goal!,Tecmo,Tecmo,Unreleased,Unreleased,"May 30, 1997"
J. League Jikkyou Honoo no Striker,KCE Sapporo,Konami,Unreleased,Unreleased,"February 26, 1998"
J. League Victory Goal '97,Sega CS1,Sega,Unreleased,Unreleased,"March 15, 1997"
J. League Pro Soccer Club o Tsukurou!,Sega AM6,Sega,Unreleased,Unreleased,"February 23, 1996"
J. League Pro Soccer Club o Tsukurou! 2,Sega CS R&D 2,Sega,Unreleased,Unreleased,"November 20, 1997"
Jantei Battle Cos-Player,Daiki,Daiki,Unreleased,Unreleased,"April 18, 1997"
Japan Super Bass Classic '96,Naxat Soft,Naxat Soft,Unreleased,Unreleased,"August 23, 1996"
Jewels of the Oracle,ELOI Productions,SunSoft,Unreleased,December 1996,"October 18, 1996"
Jikkyou Oshaberi Parodius: Forever With Me,Konami,Konami,Unreleased,Unreleased,"December 13, 1996"
Jikkyou Powerful Pro Yakyuu '95 Kaimaku-ban,Konami,Konami,Unreleased,Unreleased,"July 28, 1995"
Jikkyou Powerful Pro Yakyuu S,KCE Yokohama,Konami,Unreleased,Unreleased,"December 4, 1997"
Jikuu Tantei DD: Maboroshi no Lorelei,System Sacom,ASCII,Unreleased,Unreleased,"July 26, 1996"
Jinzou Ningen Hakaider: Last Judgement,Japan Media Programming,Sega,Unreleased,Unreleased,"December 27, 1996"
Jissen Mahjong,Outback,Imagineer,Unreleased,Unreleased,"September 1, 1995"
Jissen Pachinko Hisshouhou! Twin,Sammy,Sammy,Unreleased,Unreleased,"March 28, 1997"
Jissen Pachinko Hisshouhou! 3,Sammy,Sammy,Unreleased,Unreleased,"May 24, 1996"
Jissen Pachinko Hisshouhou! 4,Sammy,Sammy,Unreleased,Unreleased,"March 15, 1997"
Jissen! Pachi-Slot Hisshouhou! Iron Hook,Sammy,Sammy,Unreleased,Unreleased,1996
Johnny Bazookatone,Arc Developments,U.S. Gold,February 1996,February 1996,"April 26, 1996"
Jonah Lomu Rugby,Codemasters,Rage Software,Unreleased,"April 18, 1997",Unreleased
Joshikousei no Houkago... Pukunpa,Athena,Athena,Unreleased,Unreleased,"September 27, 1996"
Junclassic C.C. & Rope Club,"T&E Soft, Polysys",T&E Soft,Unreleased,Unreleased,"December 18, 1997"
Jung Rhythm,Altron,Altron,Unreleased,Unreleased,"January 15, 1998"
Jungle Park: Saturn Jima,"Digitalogue, Saru Brunei, Digitalware, BMG Japan",BMG Japan,Unreleased,Unreleased,"January 15, 1998"
K-1 Fighting Illusion Shou,Daft,Xing Entertainment,Unreleased,Unreleased,"January 31, 1997"
Kaitou Saint Tail,Access,Tomy,Unreleased,Unreleased,"July 25, 1997"
Kakinoki Shougi,ASCII,ASCII,Unreleased,Unreleased,"April 14, 1995"
Kakyuusei,ELF,ELF,Unreleased,Unreleased,"April 25, 1997"
Kanazawa Shougi,"Seta, Nihon Shogi Network",Seta,Unreleased,Unreleased,"November 24, 1995"
Kanzen Chuukei Pro Yakyuu Greatest Nine,Sega CS,Sega,Unreleased,Unreleased,"May 26, 1995"
Kekkon: Marriage,Westone,Shogakukan Production,Unreleased,Unreleased,"December 15, 1995"
Keio Flying Squadron 2,Victor Entertainment,Victor Entertainment,Unreleased,September 1996,"May 17, 1996"
Keriotosse!,Unlimited Software,Masudaya,Unreleased,Unreleased,"June 18, 1998"
Kidou Senkan Nadesico: The Blank of 3 Years,"Fupac, Nexus Interact, Scarab",Sega,Unreleased,Unreleased,"September 23, 1998"
Kidou Senkan Nadesico: Yappari Saigo ha 'Ai ga Katsu'?,"Sega, Nexus Interact",Sega,Unreleased,Unreleased,"May 2, 1997"
Kidou Senshi Gundam,CRI,Bandai,Unreleased,Unreleased,"November 20, 1995"
Kidou Senshi Gundam Gaiden I: Senritsu no Blue,Studio Orphee,Bandai,Unreleased,Unreleased,"September 20, 1996"
Kidou Senshi Gundam Gaiden II: Ao wo Uketsugu Mono,Studio Orphee,Bandai,Unreleased,Unreleased,"December 6, 1996"
Kidou Senshi Gundam Gaiden III: Sabakareshi Mono,Studio Orphee,Bandai,Unreleased,Unreleased,"March 7, 1997"
Kidou Senshi Gundam Gaiden: The Blue Destiny,Studio Orphee,Bandai,Unreleased,Unreleased,"August 29, 1997"
Kidou Senshi Gundam: Giren no Yabou,CRI,Bandai,Unreleased,Unreleased,"April 9, 1998"
Kidou Senshi Gundam: Giren no Yabou - Kouryaku Shireisho,,Bandai,Unreleased,Unreleased,"October 8, 1998"
Kidou Senshi Z Gundam: Kouhen Sora wo Kakeru,,Bandai,Unreleased,Unreleased,"September 25, 1997"
Kidou Senshi Z Gundam: Zenpen Zeta no Kodou,,Bandai,Unreleased,Unreleased,"April 25, 1997"
Kindaichi Shounen no Jikenbo: Hoshimitou Kanashimi no Hukushuuki,Metro,Hudson Soft,Unreleased,Unreleased,"January 15, 1998"
Kingdom Grand Prix,Raizing,Gaga Communications,Unreleased,Unreleased,"June 14, 1996"
"King of Fighters '95, The",Rutubo Games,SNK,Unreleased,"July 10, 1997","March 28, 1996"
"King of Fighters '96, The",SNK,SNK,Unreleased,Unreleased,"December 31, 1996"
"King of Fighters '97, The",SNK,SNK,Unreleased,Unreleased,"March 26, 1998"
Kiss Yori...,KID,KID,Unreleased,Unreleased,"March 18, 1999"
Kochira Katsushikaku Kamearikouenmae Hashutsujo Nakagawa Land Dai Race! no Maki,,Bandai,Unreleased,Unreleased,"August 29, 1997"
Koden Koureijutsu Hyaku Monogatari: Hontoni Atta Kowai Hanashi,Hudson Soft,Hudson Soft,Unreleased,Unreleased,"August 8, 1997"
Koi no Summer Fantasy: in Miyazaki Seagaia,Bandai Visual,Bandai Visual,Unreleased,Unreleased,"August 22, 1997"
Konami Antiques MSX Collection Ultra Pack'(30 Games),KCE Yokohama,Konami,Unreleased,Unreleased,"July 23, 1998"
Kouryuu Sangoku Engi,RON,Xing Entertainment,Unreleased,Unreleased,"December 6, 1996"
Krazy Ivan,Psygnosis,"PsygnosisEU, Soft BankJP",Unreleased,"May 23, 1997","June 27, 1997"
Kumitate Battle Kuttu Ketto,Technosoft,Technosoft,Unreleased,Unreleased,"April 2, 1998"
Kunoichi Torimonochou,PoleStar,CRI,Unreleased,Unreleased,"February 5, 1998"
Kuro no Danshou: The Literary Fragment,Abogado Powers,Oz Club,Unreleased,Unreleased,"August 8, 1997"
Kurubushi Kyoudai Gekijou Daiikkan Mahjong Hen,Chatnoir,Yumedia,Unreleased,Unreleased,"June 28, 1996"
Kururin Pa!,Sky Think System,Sky Think System,Unreleased,Unreleased,"February 23, 1996"
Kuuso Kagaku Sekai Gulliver Boy,SIMS,Hudson Soft,Unreleased,Unreleased,"March 22, 1996"
Kyuukyoku Tiger II Plus,"Naxat Soft, Takumi Corporation",Naxat Soft,Unreleased,Unreleased,"December 18, 1997"
Langrisser III,NCS,NCS,Unreleased,Unreleased,"October 18, 1996"
Langrisser IV,CareerSoft,NCS,Unreleased,Unreleased,"August 1, 1997"
Langrisser V: The End of Legend,CareerSoft,NCS,Unreleased,Unreleased,"June 18, 1998"
Langrisser: Dramatic Edition,CareerSoft,NCS,Unreleased,Unreleased,"February 26, 1998"
Last Bronx,Sega,Sega,"October 14, 1997","October 23, 1997","August 1, 1997"
Layer Section II,TOSE,MediaQuest,Unreleased,Unreleased,"October 30, 1997"
The Legend of Heroes I & II Eiyuu Densetsu,HighwayStar,GMF,Unreleased,Unreleased,"September 23, 1998"
NA: The Legend of OasisEU: The Story of Thor 2JP: Thor: Seireioukiden,Ancient,Sega,"July 31, 1996","September 19, 1996","April 26, 1996"
Lifescape 2 Body Bionics: Kyoui no Shouuchuu Jintai,Scitron & Art,Media Quest,Unreleased,Unreleased,"August 8, 1997"
Lifescape Seimei 40-okunen Harukana Tabi,Scitron & Art,Media Quest,Unreleased,Unreleased,"May 24, 1996"
Linda³ Kanzenban,"MARS, Alfa System",ASCII,Unreleased,Unreleased,"June 18, 1998"
Linkle Liver Story,NexTech,Sega,Unreleased,Unreleased,"March 15, 1996"
Loaded,Gremlin Interactive,Interplay,"October 31, 1996",July 1996,"November 29, 1996"
Lode Runner Extra,Presage Software,Patra,Unreleased,Unreleased,"January 10, 1997"
Lode Runner: The Legend Returns,Presage Software,Patra,Unreleased,Unreleased,"March 8, 1996"
Logic Puzzle Rainbow Town,Human Entertainment,Human Entertainment,Unreleased,Unreleased,"February 23, 1996"
The Lost Vikings 2: Norse by Norsewest,Beam Software,Interplay Entertainment,"April 14, 1997","May 26, 1997",Unreleased
The Lost World: Jurassic Park,Appaloosa Interactive,Sega,"September 30, 1997","November 6, 1997","October 23, 1997"
Lovely Pop 2 in 1 Jan Jan Koi Shimasho,Visco,Visco,Unreleased,Unreleased,"July 30, 1998"
Lunacy (NA)Gekka Mugentan Torico (JP)Trico (EU),"System Sacom, Sega CS1","Atlus, Sega (JP, EU)","May 31, 1997","March 27, 1997","June 28, 1996"
Lunar: Silver Star Story Complete,Game Arts / Japan Art Media,Kadokawa Shoten / ESP,Unreleased,Unreleased,"October 25, 1996"
Lunar 2: Eternal Blue Complete,Game Arts / Japan Art Media,Kadokawa Shoten / ESP,Unreleased,Unreleased,"July 23, 1998"
Lupin the 3rd: Pyramid no Kenja,Vantan International,Asmik,Unreleased,Unreleased,"August 6, 1998"
Lupin the 3rd Chronicles,Spike,Spike,Unreleased,Unreleased,"August 8, 1997"
m. Kimi wo Tsutaete,Nexus Interact,DaZZ,Unreleased,Unreleased,"December 20, 1996"
Maboroshi no Black Bass,Make Software,Make Software,Unreleased,Unreleased,"March 28, 1997"
Machi,Chunsoft,Chunsoft,Unreleased,Unreleased,"January 22, 1998"
Madden NFL 97,Electronic Arts,Electronic Arts,"September 24, 1996","October 16, 1996",Unreleased
Madden NFL 98,Electronic Arts,Electronic Arts,"August 26, 1997",1997,Unreleased
Madou Monogatari,Compile,Compile,Unreleased,Unreleased,"July 23, 1998"
Magic Carpet,Krisalis Software,Electronic Arts,May 1996,"March 29, 1996","December 6, 1996"
Magic Knight Rayearth,Sega,Working Designs,"November 30, 1998",Unreleased,"August 25, 1995"
Magical Drop,Data East,Data East,Unreleased,Unreleased,"December 15, 1995"
Magical Drop II,Data East,Sega,Unreleased,Unreleased,"September 27, 1996"
Magical Drop III,Data East,Data East,Unreleased,Unreleased,"June 20, 1997"
Mahjong Doukyuusei Special,Make Software,Make Software,Unreleased,Unreleased,"March 29, 1996"
Mahjong Gakuensai,Make Software,Make Software,Unreleased,Unreleased,"November 6, 1997"
Mahjong Gakuensai DX: Zenjitsu ni Matsuwaru Funsenki,Make Software,Make Software,Unreleased,Unreleased,"September 23, 1998"
Mahjong Ganryuujima,ASCII,ASCII,Unreleased,Unreleased,"March 10, 1995"
Mahjong Gokuu Tenjiku,Chatnoir,Electronic Arts Victor,Unreleased,Unreleased,"November 22, 1994"
Mahjong Hyper Reaction R,Sammy,Sammy,Unreleased,Unreleased,"March 8, 1996"
Mahjong Kaigan Monogatari: Mahjong Kyou Jidai Sexy Idol Hen,Micronet,Micronet,Unreleased,Unreleased,"August 4, 1995"
Mahjong Kyou Jidai: Cebu Island '96,Micronet,Micronet,Unreleased,Unreleased,"July 19, 1996"
Mahjong Kyou Jidai: Cogal Houkago Hen,Micronet,Micronet,Unreleased,Unreleased,"January 12, 1996"
Mahjong Taikai II Special,Koei,Koei,Unreleased,Unreleased,"October 4, 1996"
Mahjong Tenshi Angel Lips,Nihon System,Nihon System,Unreleased,Unreleased,"March 29, 1996"
Mahjong Yon-Shimai: Wakakusa Monogatari,Maboroshi Ware,Naxat Soft,Unreleased,Unreleased,"September 27, 1996"
Mahō Gakuen Lunar!,"Game Arts, Studio Alex","ESP Software, Kadokawa Shoten",Unreleased,Unreleased,"November 20, 1997"
Mahou no Jansi Poe Poe Poemy,Imagineer,Imagineer,Unreleased,Unreleased,"September 29, 1995"
Mahou Shoujo Pretty Samy: Heart no Kimochi,NEC Interchannel,NEC Interchannel,Unreleased,Unreleased,"January 29, 1998"
Mahou Shoujo Pretty Samy: Osorubeshi Shintaisokutei! Kakubakuhatsu 5 Byou Mae!!,NEC Interchannel,NEC Interchannel,Unreleased,Unreleased,"August 8, 1997"
Mahoutsukai ni Naru Houhou,TGL,TGL,Unreleased,Unreleased,"August 27, 1998"
Mainichi Kawaru Quiz Bangumi Quiz 365,Oz Club,Oz Club,Unreleased,Unreleased,"March 15, 1996"
Mansion of Hidden Souls,System Sacom,Sega,December 1995,November 1995,"December 2, 1994"
Manx TT SuperBike,Tantalus Interactive,Sega,"July 30, 1997","March 20, 1997","March 14, 1997"
Maria: Kimitachi ga Umareta Wake,Feycraft,Victor Soft,Unreleased,Unreleased,"June 20, 1997"
Marica: Shinjitsu no Sekai,Feycraft,Victor Soft,Unreleased,Unreleased,"June 20, 1997"
Marie no Atelier ver.1.3: Salburg no Renkinjutsushi,Gust Corporation,Imadio,Unreleased,Unreleased,"December 11, 1997"
Mario Mushano no Chou Shougi Juku,King Records,King Records,Unreleased,Unreleased,"January 15, 1998"
Marvel Super Heroes,Tsuji Jimusho,Capcom,"October 2, 1997","November 14, 1997","August 8, 1997"
Marvel Super Heroes vs. Street Fighter,Capcom,Capcom,Unreleased,Unreleased,"October 22, 1998"
Mass Destruction,NMS Software,ASC Games,"December 31, 1997","March 27, 1997","November 20, 1997"
Masters Harukanaru Augusta 3,T&E Soft,T&E Soft,Unreleased,Unreleased,"September 22, 1996"
Matsukata Hiroki no World Fishing,Tose,Media Quest,Unreleased,Unreleased,"February 2, 1996"
Maximum Force,Tantalus Software,Midway,"October 13, 1997",March 1998,Unreleased
MechWarrior 2: 31st Century Combat,Quantum Factory,Activision,March 1997,May 1997,"September 25, 1997"
Mega Man 8: Anniversary Collector's Edition,Capcom,Capcom,February 1997,Unreleased,"January 17, 1997"
Mega Man X3,Capcom,"Virgin InteractiveEU, CapcomJP",Unreleased,"March 12, 1997","April 26, 1996"
Mega Man X4,Capcom,Capcom,"October 1, 1997",Unreleased,"August 1, 1997"
MeltyLancer Re-inforce,Nextech,Imadio,Unreleased,Unreleased,"May 21, 1998"
MeltyLancer: Ginga Shoujo Keisatsu 2086,ALU,Imagineer,Unreleased,Unreleased,"December 13, 1996"
Metal Black,Ving,Ving,Unreleased,Unreleased,"May 24, 1996"
Metal Fighter Miku,Feycraft,Victor Entertainment,Unreleased,Unreleased,"September 29, 1995"
Metal Slug,SNK,SNK,Unreleased,Unreleased,"April 4, 1997"
Mezase Idol Star Natsuiro Memories: Mahjong Hen,Shar Rock,Shar Rock,Unreleased,Unreleased,"September 27, 1996"
Midway Presents Arcade's Greatest Hits: The Atari Collection 1,Digital Eclipse,Midway,"June 11, 1997",March 1998,Unreleased
Mighty Hits,Altron,Altron (JP)Sega (EU),Unreleased,December 1996,"October 18, 1996"
Minakata Hakudou Toujou,Thinking Rabbit,Atlus,Unreleased,Unreleased,"August 7, 1997"
Minami no Shima ni Buta ga Ita: Lucas no Daibouken,Scholar,Virgin Interactive,Unreleased,Unreleased,"October 10, 1996"
Minnesota Fats: Pool Legend (NA)Side Pocket 2 (JP),Data East,Data East,1995,Unreleased,"March 31, 1995"
Minton Keibu no Sousa File: Doukeshi Satsujin Jiken,Thinking Rabbit,Riverhillsoft,Unreleased,Unreleased,"October 30, 1997"
Mizubaku Daibouken,Ving,Ving,Unreleased,Unreleased,"October 22, 1998"
Mizuki Shigeru no Youkai Zukan Soushuuhen,HighwayStar,Kodansha,Unreleased,Unreleased,"June 25, 1998"
Momotarou Douchuuki,SIMS,Hudson Soft,Unreleased,Unreleased,"September 25, 1997"
Monster Slider,Datt Japan,Datt Japan,Unreleased,Unreleased,"March 28, 1997"
Moon Cradle,"Victor Interactive Software, Matsushita Electric Industrial",Victor Interactive Software,Unreleased,Unreleased,"June 27, 1997"
Mortal Kombat II,Probe Entertainment,Acclaim Entertainment,"March 29, 1996",March 1996,"March 29, 1996"
Mortal Kombat Trilogy,Point of View,Midway (NA)GT Interactive (EU),"August 8, 1997","April 11, 1998",Unreleased
Motteke Tamago with Ganbare! Kamonohashi,Naxat Soft,Naxat Soft,Unreleased,Unreleased,"July 2, 1998"
Mouri Motonari: Chikai no Sanshi,Koei,Koei,Unreleased,Unreleased,"October 2, 1997"
Mr. Bones,Zono,Sega,"September 30, 1996","October 1, 1996",Unreleased
Mujintou Monogatari R: Futari no Love Love Island,KSS,KSS,Unreleased,Unreleased,"May 28, 1998"
Murakoshi Seikai no Bakuchou Nihon Rettou,ISCO,Atlus,Unreleased,Unreleased,"June 18, 1998"
My Best Friends: St. Andrew Jogakuin Hen,A-Wave,Victor Soft,Unreleased,Unreleased,"March 22, 1996"
My Dream: On Air ga Matenakute,Nihon Create,Nihon Create,Unreleased,Unreleased,"September 18, 1997"
My Fair Lady: Virtual Mahjong II,Micronet,Micronet,Unreleased,Unreleased,"December 10, 1998"
Myst,SunSoft,Acclaim Entertainment,September 1995,August 1995,"November 22, 1994"
Mystaria: The Realms of Lore (NA)Blazing Heroes[10][11] (NA alt)Riglordsaga (JP),"Sega, Microcabin",Sega,November 1995,"January 26, 1996","July 21, 1995"
Nanatsu Kaze no Shima Monogatari,"Givro, Buddy Zoo",Enix,Unreleased,Unreleased,"November 27, 1997"
Nanatsu no Hikan,Koei,Koei,Unreleased,Unreleased,"April 5, 1996"
NASCAR 98,Electronic Arts,Electronic Arts,"December 5, 1997",1997,Unreleased
NBA Action,Gray Matter,Sega,June 1996,"September 12, 1996",Unreleased
NBA Action 98,Visual Concepts,Sega,"October 28, 1997",November 1997,Unreleased
NBA Jam Extreme,Sculptured Software,Acclaim Entertainment,"November 26, 1996","December 6, 1996","February 28, 1997"
NBA Jam T.E.,Iguana Entertainment,Acclaim Entertainment,1995,December 1995,"December 1, 1995"
NBA Live '97,Realtime Associates,EA Sports,"March 28, 1997","April 4, 1997",Unreleased
NBA Live '98,Realtime Associates,Electronic Arts,"December 18, 1997",1997,Unreleased
Nekketsu Oyako,Technosoft,Technosoft,Unreleased,Unreleased,"July 21, 1995"
Next King: Koi no Sennen Oukoku,Plex,Bandai,Unreleased,Unreleased,"November 20, 1997"
NFL '97,Padded Cell Studios,Sega,"November 20, 1996",Unreleased,Unreleased
NFL Quarterback Club '96,Iguana Entertainment,Acclaim Entertainment,"October 27, 1995","April 19, 1996","March 29, 1996"
NFL Quarterback Club '97,Iguana Entertainment,Acclaim Entertainment,"August 29, 1996",August 1996,"November 22, 1996"
NHL '97,Visual Concepts,Sega,"December 4, 1996","December 6, 1996","July 11, 1997"
NHL '98,Electronic Arts,Electronic Arts,"January 15, 1998",January 1998,Unreleased
NHL All-Star Hockey,Gray Matter,Sega,1995,November 1995,Unreleased
NHL All-Star Hockey 98,Radical Entertainment,Sega,"October 31, 1997",January 1998,Unreleased
NHL Powerplay '96,Radical Entertainment,Virgin Interactive,"July 2, 1996",May 1997,"February 7, 1997"
Night Striker S,Fill-in-Cafe,Ving,Unreleased,Unreleased,"June 14, 1996"
Night Warriors: Darkstalkers' Revenge,Capcom,Capcom (US/JP)Virgin Interactive (EU),"February 22, 1996","October 4, 1996","February 23, 1996"
Nightruth: Futatsu Dake no Shinjitsu,Sonnet Computer Entertainment,Lay-Up,Unreleased,Unreleased,"July 25, 1997"
Nightruth: Maria,Sonnet Computer Entertainment,Varie,Unreleased,Unreleased,"December 20, 1996"
Nightruth: Yami no Tobira,Sonnet Computer Entertainment,Varie,Unreleased,Unreleased,"December 20, 1996"
Nights into Dreams,Sonic Team,Sega,"August 23, 1996","September 19, 1996","July 5, 1996"
Nihon Pro Mahjong Renmei Kounin Doujou Yaburi,Chatnoir,Naxat Soft,Unreleased,Unreleased,"May 30, 1997"
Nile Gawa no Yoake,Victor Interactive Software,Victor Interactive Software,Unreleased,Unreleased,"March 5, 1998"
Ninja Jajamaru-kun: Onigiri Ninpouchou Gold,Atelier Double,Jaleco,Unreleased,Unreleased,"October 9, 1997"
Ninku: Tsuyokina Yatsura no Daigekitotsu!,SIMS,Sega,Unreleased,Unreleased,"February 2, 1996"
Ninpen Manmaru,Tamtam,Enix,Unreleased,Unreleased,"December 18, 1997"
Nippon Daihyou Team no Kantoku ni Narou! Sekaihatsu Soccer RPG,SIMS,Enix,Unreleased,Unreleased,"June 25, 1998"
Nobunaga no Yabou Returns,Koei,Koei,Unreleased,Unreleased,"March 29, 1996"
Nobunaga no Yabou Sengoku Gunyuuden,Koei,Koei,Unreleased,Unreleased,"April 9, 1998"
Nobunaga no Yabou Shouseiroku,Koei,Koei,Unreleased,Unreleased,"April 2, 1998"
Nobunaga no Yabou Tenshouki,Koei,Koei,Unreleased,Unreleased,"September 29, 1995"
Nobunaga no Yabou Tenshouki with Power-Up Kit (Expansion),Koei,Koei,Unreleased,Unreleased,"September 11, 1997"
Noël 3,Koei,Koei,Unreleased,Unreleased,"December 10, 1998"
Nonomura Byouin no Hitobito,Silky's,ELF,Unreleased,Unreleased,"April 26, 1996"
Noon,"Kouji Oono, Microcabin",Microcabin,Unreleased,Unreleased,"January 29, 1998"
Ochan no Oekaki Logic,Sunsoft,Sunsoft,Unreleased,Unreleased,"November 17, 1995"
Ochige Designer Tsukutte pon!(Software),"Ninelives, Quest Corporation",Victor Interactive Software,Unreleased,Unreleased,"November 20, 1997"
Off-World Interceptor Extreme,Crystal Dynamics,Crystal Dynamics,October 1995,November 1995,"November 22, 1995"
Ojousama Tokkyuu,MediaWorks,MediaWorks,Unreleased,Unreleased,"July 30, 1998"
Ojousama wo Nerae!!,Crystal Vision,Crystal Vision,Unreleased,Unreleased,"July 23, 1998"
Okudera Yasuhiko no Sekai wo Mezase! Soccer Kids: Nyuumon Hen,Japan Media Programming,Fujitsu Parex,Unreleased,Unreleased,"September 27, 1996"
Olympic Soccer: Atlanta 1996,Silicon Dreams,U.S. Gold,1996,August 1996,"August 30, 1996"
Omakase! Savers,Japan Media Programming,Sega,Unreleased,Unreleased,"February 23, 1996"
OoEdo Renaissance,"Hokusho, Victor Interactive Software",Victor Interactive Software,Unreleased,Unreleased,"December 18, 1997"
Ousama Game,Societa Daikanyama,Societa Daikanyama,Unreleased,Unreleased,"May 28, 1998"
Pachinko Hall Shinsou Daikaiten,Nexton,Nexton,Unreleased,Unreleased,"February 26, 1998"
Pachi-Slot Kanzen Kouryaku Uni-Colle'97,Nihon Syscom,Nihon Syscom,Unreleased,Unreleased,"September 18, 1997"
P.T.O.: Pacific Theater of Operations II,Koei,Koei,"October 31, 1996",Unreleased,"February 23, 1996"
Pandemonium,Toys for Bob,Bandai,"April 24, 1997","June 12, 1997","April 25, 1997"
Paneltia Story: Karen no Daibouken,Tamtam,Shoeisha,Unreleased,Unreleased,"February 28, 1997"
Panic Chan,Imagineer,Imagineer,Unreleased,Unreleased,"August 8, 1997"
Panzer Dragoon,Team Andromeda,Sega,"May 11, 1995","August 30, 1995","March 10, 1995"
Panzer Dragoon II Zwei,Team Andromeda,Sega,"May 10, 1996","May 10, 1996","March 22, 1996"
Panzer Dragoon Saga,Team Andromeda,Sega,"April 30, 1998","June 5, 1998","January 29, 1998"
Pappara Paoon,Ecole,Ecole,Unreleased,Unreleased,"November 22, 1995"
Parodius (EU)Gokujou Parodius: Deluxe Pack (JP),Konami,Konami,Unreleased,November 1995,"May 19, 1995"
Pastel Muses,Soft Office,Soft Office,Unreleased,Unreleased,"October 23, 1997"
PD Ultraman Link,SIMS,Bandai,Unreleased,Unreleased,"February 9, 1996"
Pebble Beach Golf Links,T&E Soft,Sega,"May 11, 1995",August 1995,"February 24, 1995"
PGA Tour 97,VAC,EA Sports,"November 25, 1996","December 6, 1996","June 20, 1997"
Phantasm,Infini Entertainment Technology,Outrigger Koubou,Unreleased,Unreleased,"August 8, 1997"
Photo Genic,"Sunsoft, Fill in Cafe, Zero System",Sunsoft,Unreleased,Unreleased,"January 29, 1998"
Pia Carrot e Youkoso,Cocktail Soft,KID,Unreleased,Unreleased,"March 12, 1998"
Pia Carrot e Youkoso 2,Cocktail Soft,KID,Unreleased,Unreleased,"October 8, 1998"
Pinball Graffiti,Pack-In-Video,JVC Musical Industries (EU)Pack-In-Video (JP),Unreleased,October 1996,"July 12, 1996"
Planet Joker,IMP,Naxat Soft,Unreleased,Unreleased,"March 7, 1997"
Pocket Fighter,Capcom,Capcom,Unreleased,Unreleased,"July 9, 1998"
Policenauts,Konami,Konami,Unreleased,Unreleased,"September 13, 1998"
Powerslave (NA)Exhumed (EU)Seireki 1999: Pharaoh no Fukkatsu (JP),Lobotomy Software,Playmates Interactive,"December 31, 1996","September 19, 1996","November 29, 1996"
Primal Rage,Probe Entertainment,Time Warner Interactive,"November 14, 1995",August 1996,"March 26, 1998"
Princess Crown,Atlus,Atlus,Unreleased,Unreleased,"December 11, 1997"
Princess Maker 2,Gainax,Microcabin,Unreleased,Unreleased,"October 27, 1995"
Princess Maker Yumemiru Yousei,Gainax,Microcabin,Unreleased,Unreleased,"June 18, 1998"
Princess Quest,"Increment-P, AIC Spirits",Increment-P,Unreleased,Unreleased,"March 19, 1998"
Prisoner of Ice: Jashin Kourin,Infogrames,Xing Entertainment,Unreleased,Unreleased,"December 23, 1997"
Private Idol Disc Vol. 01: Kioroshi Yu,Sada Soft,Sada Soft,Unreleased,Unreleased,"July 26, 1996"
Private Idol Disc Vol. 02: Uchiyama Miki,Sada Soft,Sada Soft,Unreleased,Unreleased,"August 30, 1996"
Private Idol Disc Vol. 03: Oshima Akemi,Sada Soft,Sada Soft,Unreleased,Unreleased,"September 27, 1996"
Private Idol Disc Vol. 04: Kuroda Miyuki,Sada Soft,Sada Soft,Unreleased,Unreleased,"June 27, 1997"
Private Idol Disc Vol. 05: Fujisaki Nanako,Sada Soft,Sada Soft,Unreleased,Unreleased,"August 8, 1997"
Private Idol Disc Vol. 06: Satomi Yoshida,Sada Soft,Sada Soft,Unreleased,Unreleased,"September 25, 1997"
Private Idol Disc Vol. 07: Asou Kaori,Sada Soft,Sada Soft,Unreleased,Unreleased,"November 20, 1997"
Private Idol Disc Vol. 08: Kokawa Emiko,Sada Soft,Sada Soft,Unreleased,Unreleased,"November 27, 1997"
Private Idol Disc Vol. 09: Nagamatsu Keiko,Sada Soft,Sada Soft,Unreleased,Unreleased,"December 4, 1997"
Private Idol Disc Vol. 10: Masaki Mai,Sada Soft,Sada Soft,Unreleased,Unreleased,"December 11, 1997"
Private Idol Disc Vol. 11: Hiroshige Mayumi,Sada Soft,Sada Soft,Unreleased,Unreleased,"December 18, 1997"
Private Idol Disc: Tokubetsu-Hen Campaign Girl '97,Sada Soft,Sada Soft,Unreleased,Unreleased,"June 20, 1996"
Private Idol Disc: Tokobetsuhen Cos-Players,Sada Soft,Sada Soft,Unreleased,Unreleased,"November 29, 1996"
Pro Mahjong Kiwame S,Athena,Athena,Unreleased,Unreleased,"January 12, 1996"
Pro Pinball: The Web,Cunning Developments,Interplay Entertainment,"November 30, 1996",August 1996,Unreleased
Pro Shinan Mahjong: Tsuwamono,Culture Brain,Culture Brain,Unreleased,Unreleased,"July 8, 1999"
Pro Yakyuu: Greatest Nine 97,Sega,Sega,Unreleased,Unreleased,"March 28, 1997"
Pro Yakyuu: Greatest Nine 97 Make Miracle,Sega,Sega,Unreleased,Unreleased,"September 25, 1997"
Pro Yakyuu: Greatest Nine 98,Sega,Sega,Unreleased,Unreleased,"March 26, 1998"
Pro Yakyuu: Greatest Nine 98 Summer Action,Sega,Sega,Unreleased,Unreleased,"August 6, 1998"
Pro Yakyuu: Team mo Tsukurou!,Sega CS1,Sega,Unreleased,Unreleased,"February 19, 1998"
The Psychotron,Merit Studio,Gaga Communications,Unreleased,Unreleased,"October 27, 1995"
Purikura Daisakusen,Atlus,Atlus,Unreleased,Unreleased,"November 15, 1996"
Pup-Breeder,Sai-Mate,Sai-Mate,Unreleased,Unreleased,"November 1, 1996"
Puyo Puyo 2,Compile,Compile,Unreleased,Unreleased,"October 27, 1995"
Puyo Puyo Sun,Compile,Compile,Unreleased,Unreleased,"February 14, 1997"
Puzzle & Action: 2do Arukotoha Sand-R,SegaCRI,CRISatakore(re-release)[7],Unreleased,Unreleased,"April 5, 1996"
Puzzle Bobble 2X & Space Invaders,Taito,Taito,Unreleased,Unreleased,"April 4, 1997"
Pyon Pyon Kyaruru no Mahjong Hiyori,Natsu System,Natsume,Unreleased,Unreleased,"December 20, 1996"
Quake,Lobotomy Software,Sega,"October 31, 1997",Unreleased,Unreleased
Quantum Gate,"Affect Co., Ltd",Gaga Communications,Unreleased,Unreleased,"September 29, 1995"
Quarterback Attack with Mike Ditka,Digital Pictures,Digital Pictures,November 1995,Unreleased,Unreleased
Quiz Nanairo Dreams Nijiirochou no Kiseki,Capcom,Capcom,Unreleased,Unreleased,"June 27, 1997"
QuoVadis,Glams,Glams,Unreleased,Unreleased,"December 21, 1995"
QuoVadis 2: Wakusei Kyoushuu Ovan Rei,Glams,Glams,Unreleased,Unreleased,"April 4, 1997"
R?MJ: The Mystery Hospital,,Bandai,Unreleased,Unreleased,"December 18, 1997"
Rabbit,Aorn,Electronic Arts Victor,Unreleased,Unreleased,"June 27, 1997"
Race Drivin',Polygames,Time Warner Interactive,Unreleased,Unreleased,"August 4, 1995"
Radiant Silvergun,Treasure,Treasure/ESP,Unreleased,Unreleased,"July 23, 1998"
Rampage World Tour,Point of View,Midway,"November 26, 1997",1998,Unreleased
Rampo,System Sacom,Sega,Unreleased,Unreleased,"February 24, 1995"
Rayman,Ubisoft Montpellier,Ubisoft,November 1995,November 1995,"November 17, 1995"
Real Bout Garou Densetsu,SNK,SNK,Unreleased,Unreleased,"September 20, 1996"
Real Bout Garou Densetsu Special,"Yumekobo Co., Ltd",SNK,Unreleased,Unreleased,"December 23, 1997"
"Real Mahjong Adventure ""Umi-He"": Summer Waltz",Seta,Seta,Unreleased,Unreleased,"November 5, 1998"
Real Sound: Kaze no Regret,WARP,Sega,Unreleased,Unreleased,"July 18, 1997"
Refrain Love: Anata ni Aitai,Flight-Plan,Riverhillsoft,Unreleased,Unreleased,"November 27, 1997"
Resident Evil (BiohazardJP),GAU Entertainment,Capcom,"August 31, 1997","October 1, 1997","July 25, 1997"
Return to Zork,Activision,Bandai Visual,Unreleased,Unreleased,"February 2, 1996"
Revolution X,Software Creations,Acclaim Entertainment,November 1995,"March 29, 1996","April 26, 1996"
Rise 2: Resurrection,Mirage Media,Acclaim Entertainment,"December 4, 1996","April 19, 1996","June 28, 1996"
Riglordsaga 2,"Sega CS R&D 2, Microcabin",Sega,Unreleased,Unreleased,"November 8, 1996"
Riven: The Sequel to Myst,Cyan,"EnixJP, SegaEU",Unreleased,"May 15, 1998","April 9, 1998"
Road & Track Presents The Need for Speed(Nissan Presents Over Drivin' GT-RJP),Pioneer Productions,Electronic Arts,"June 28, 1996","July 5, 1996",Unreleased
Road Rash,Electronic Arts,Electronic Arts,August 1996,"July 26, 1996","July 26, 1996"
Robo Pit,Altron,Kokopeli Digital Studios,1996,November 1996,"February 16, 1996"
Robotica(Robotica Cybernation Revolt EU)(Deadalus JP),Genki,Acclaim Entertainment (US)Sega (JP/EU),September 1995,November 1995,"March 24, 1995"
Romance of the Three Kingdoms IV: Wall of Fire(Sangokushi IVJP),Koei,Koei,1995,Unreleased,"April 28, 1995"
Ronde,Multimedia Intelligence Transfer,Atlus,Unreleased,Unreleased,"October 30, 1997"
Roommate: Inoue Ryouko,Fupac,Datam Polystar,Unreleased,Unreleased,"February 14, 1997"
Roommate 3: Ryouko Kaze no Kagayaku Asa ni,"Datam Polystar, Vision Works, Roommate Project",Datam Polystar,Unreleased,Unreleased,"April 29, 1998"
Roommate: Ryoko in Summer Vacation,Datam Polystar,Datam Polystar,Unreleased,Unreleased,"September 25, 1997"
Roommate W: Futari,"Datam Polystar, NEST, Roommate Project",Datam Polystar,Unreleased,Unreleased,"January 14, 1999"
Rox 6=Six,Altron,Altron,Unreleased,Unreleased,"October 22, 1998"
Ruriiro no Yuki,Ail-Soft,KID,Unreleased,Unreleased,"December 10, 1998"
Ryougae Puzzle Game Moudjiya (Moujya),FPS,Virgin Interactive Entertainment,Unreleased,Unreleased,"December 20, 1996"
Ryouko Inoue Chatting Room,"Datam Polystar, fupac, Vision Works, Roommate Project",Datam Polystar,Unreleased,Unreleased,"April 22, 1999"
Ryuuteki Gosennen: Dragons of China,"Office I, Imagineer",Imagineer,Unreleased,Unreleased,"May 23, 1997"
Sakamoto Ryuuma: Ishin Kaikoku,RON,KID,Unreleased,Unreleased,"January 29, 1998"
Sakura Taisen Teigeki Graph,"Sega, Red Company","Sega, Red Company",Unreleased,Unreleased,"December 23, 1998"
Sakura Tsuushin,Media Gallop,Kamata and Partners,Unreleased,Unreleased,"October 1, 1998"
Salamander Deluxe Pack Plus,Konami,Konami,Unreleased,Unreleased,"June 19, 1997"
Samurai Spirits: Amakusa Kourin,SNK,SNK,Unreleased,Unreleased,"October 2, 1997"
Samurai Spirits: Zankuro Musouken,SNK,SNK,Unreleased,Unreleased,"November 8, 1996"
Sangokushi Eiketsuden,Koei,Koei,Unreleased,Unreleased,"March 29, 1996"
Sangokushi IV with Power-Up Kit  (Expansion),Koei,Koei,Unreleased,Unreleased,"September 11, 1997"
Sangokushi Koumeiden,Koei,Koei,Unreleased,Unreleased,"March 28, 1997"
Sangokushi Returns,Koei,Koei,Unreleased,Unreleased,"January 31, 1997"
Sangokushi V,Koei,Koei,Unreleased,Unreleased,"September 27, 1996"
Sankyo Fever Jikki Simulation S,Fill in Cafe,TEN Institute,Unreleased,Unreleased,"April 4, 1997"
Sankyo Fever Jikki Simulation S Vol. 2,TEN Institute,TEN Institute,Unreleased,Unreleased,"January 15, 1998"
Sankyo Fever Jikki Simulation S Vol. 3,TEN Institute,TEN Institute,Unreleased,Unreleased,"November 26, 1998"
Saturn Bomberman,Hudson/Eleven,Hudson,"August 22, 1997","May 1, 1997","July 19, 1996"
Saturn Bomberman Fight!!,Hudson,Hudson,Unreleased,Unreleased,"December 11, 1997"
Savaki,Cynus,Microcabin,Unreleased,Unreleased,"April 16, 1998"
Scorcher,Zyrinx,Sega,"March 1, 1997","May 15, 1997",Unreleased
Scud: The Disposable Assassin,Syrox Developments,SegaSoft,"February 28, 1997",Unreleased,Unreleased
SD Gundam G Century S,Japan Art Media,Bandai,Unreleased,Unreleased,"February 11, 1998"
Sea Bass Fishing,Victor Entertainment,Victor Entertainment,Unreleased,September 1996,"February 23, 1996"
SeaBass Fishing 2,Victor Soft,A-Wave,Unreleased,Unreleased,"April 25, 1997"
Sega Ages After Burner II,"Sega CS1, Rutubo Games",Sega,Unreleased,Unreleased,"September 27, 1996"
Sega Ages Columns Arcade Collection,"Sega CS1, Ancient",Sega,Unreleased,Unreleased,"October 30, 1997"
Sega Ages Fantasy Zone,"Sega CS1, Rutubo Games",Sega,Unreleased,Unreleased,"February 21, 1997"
Sega Ages Galaxy Force II,Appaloosa Interactive,Sega,Unreleased,Unreleased,"July 2, 1998"
Sega Ages I Love Mickey Mouse: Fushigi no Oshiro Daibouken/I Love Donald Duck: Guruzia Ou no Hihou,Sega CS1,Sega,Unreleased,Unreleased,"October 15, 1998"
Sega Ages Memorial Selection Vol.1,Sega CS1,Sega,Unreleased,Unreleased,"February 28, 1997"
Sega Ages Memorial Selection Vol.2,Sega CS1,Sega,Unreleased,Unreleased,"November 27, 1997"
Sega Ages OutRun,"Sega CS1, Rutubo Games",Sega,Unreleased,Unreleased,"September 20, 1996"
Sega Ages Phantasy Star Collection,"Sega CS1,",Sega,Unreleased,Unreleased,"April 2, 1998"
Sega Ages Power Drift,"Phant,",Sega,Unreleased,Unreleased,"February 26, 1998"
Sega Ages Rouka ni Ichidant-R,"Kuusou Kagaku, Sega CS1",Sega,Unreleased,Unreleased,"December 27, 1996"
Sega Ages Vol.1 Syukudai ga Tant-R,Kuusou Kagaku,Sega,Unreleased,Unreleased,"May 24, 1996"
Sega Ages Vol.2 Space Harrier,"Sega CS1, Rutubo Games",Sega,Unreleased,Unreleased,"July 17, 1996"
Sega Rally Championship,Sega AM3,Sega,"November 15, 1995","January 26, 1996","December 29, 1995"
Sega Saturn de Hakken''!! Tamagotchi Park,Ancient,Bandai,Unreleased,Unreleased,"January 29, 1998"
Sega Touring Car Championship,Sega AM3,Sega,"November 24, 1997",November 1997,"November 27, 1997"
Sega Worldwide Soccer '97,Sega,Sega,"October 31, 1996",1996,"November 29, 1996"
Sega Worldwide Soccer '98,Sega,Sega,"November 19, 1997","October 16, 1997","March 5, 1998"
Segata Sanshiro Shinkenyugi,Ecole Software,Sega,Unreleased,Unreleased,"October 29, 1998"
Seifuku Densetsu Pretty Fighter X,Sol,Imagineer,Unreleased,Unreleased,"June 16, 1995"
Seikai Risshiden: Yoi Kuni Yoi Seiji,Digitalware,BMG Japan,Unreleased,Unreleased,"June 27, 1997"
Sengoku Blade,Psikyo,Atlus,Unreleased,Unreleased,"November 22, 1996"
Senken Kigyouden,Softstar Entertainment,Softstar Entertainment,Unreleased,Unreleased,"March 4, 1999"
Senkutsu Katsuryuu Taisen Chaos Seed,"Neverland Company, Entertainment Software Publishing",Neverland Company,Unreleased,Unreleased,"January 29, 1998"
Senryaku Shougi,Electronic Arts Victor,Electronic Arts Victor,Unreleased,Unreleased,"November 17, 1995"
Sentimental Graffiti,"Marcus, Cybelle, Comix",NEC Interchannel,Unreleased,Unreleased,"January 22, 1998"
Sexy Parodius,Konami,Konami,Unreleased,Unreleased,"November 1, 1996"
Shadows of the Tusk,"Susumu Matsushita Company, Digital Media Lab",Hudson Soft,Unreleased,Unreleased,"May 21, 1998"
Shanghai Great Moments,Sunsoft,Sunsoft,Unreleased,Unreleased,"November 15, 1995"
Shanghai: Triple-Threat,Activision,Activision,1995,Unreleased,"February 24, 1995"
Shellshock,Core Design,U.S. Gold,1996,"April 19, 1996","October 25, 1996"
She'sn,Gaibrain,KID,Unreleased,Unreleased,"November 19, 1998"
Shichisei Toushin Guyferd,Kouyousha Ltd,Capcom,Unreleased,Unreleased,"November 19, 1998"
Shienryu,Warashi,Warashi,Unreleased,Unreleased,"June 27, 1997"
Shin Kaitei Gunkan: Koutetsu no Kodoku,ASCII,ASCII,Unreleased,Unreleased,"April 4, 1997"
Shin Megami Tensei: Devil Summoner,Atlus,Atlus,Unreleased,Unreleased,"December 25, 1995"
Shin Theme Park,TOSE,Electronic Arts Victor,Unreleased,Unreleased,"April 11, 1997"
Shingata Kururin Pa!,Sky Think System,Sky Think System,Unreleased,Unreleased,"August 9, 1996"
Shining Force III (NA/EU)Shining Force III Scenario 1: Outo no Kyoshin (JP),Camelot Software Planning,Sega,"July 31, 1998","June 19, 1998","December 11, 1997"
Shining Force III Scenario 2: Nerewareta Miko,Camelot Software Planning,Sega,Unreleased,Unreleased,"April 29, 1998"
Shining Force III Scenario 3: Hyouheki no Jashinguu,Camelot Software Planning,Sega,Unreleased,Unreleased,"September 23, 1998"
Shining the Holy Ark,Sega,Sega,"June 30, 1997","June 19, 1997","December 20, 1996"
Shining Wisdom,Sonic! Software Planning,Working Designs,"June 27, 1996","July 11, 1996","August 11, 1995"
Shinobi Legions,TOSE,Vic Tokai (US)Sega (EU/JP),September 1995,October 1995,"June 30, 1995"
Shinouken,"System Vision, Saurus",SNK,Unreleased,Unreleased,"April 4, 1997"
Shinrei Jusatsushi Taromaru,Time Warner Interactive,Time Warner Interactive,Unreleased,Unreleased,"January 17, 1997"
Shinpi no Sekai El-Hazard,Tamtam,Pioneer LDC,Unreleased,Unreleased,"August 9, 1996"
Shinseiki Evangelion,Sega CS,Sega,Unreleased,Unreleased,"March 1, 1996"
Shinseiki Evangelion: 2nd Impression,Sega CS1,Sega,Unreleased,Unreleased,"March 7, 1997"
Shinseiki Evangelion: Digital Card Library,Sega,Sega,Unreleased,Unreleased,"September 25, 1997"
Shinseiki Evangelion: Eva to Yukai na Nakamatachi,"Tamtam, Bandai, Victor",Gainax,Unreleased,Unreleased,"November 5, 1998"
Shinseiki Evangelion: Koutetsu no Girlfriend,Gainax,Sega,Unreleased,Unreleased,"March 26, 1998"
Shinsetsu Samurai Spirits Bushidou Retsuden,"SNK, Musesoft",SNK,Unreleased,Unreleased,"June 27, 1997"
Shippuu Mahou Daisakusen,Raizing,Gaga Communications,Unreleased,Unreleased,"June 14, 1996"
Shiroki Majo: Mouhitotsu no Eiyuu Densetsu,Ray Force,Hudson Soft,Unreleased,Unreleased,"February 26, 1998"
Shockwave Assault,Paradox Development,Electronic Arts,"August 26, 1996",1996,Unreleased
Shougi Matsuri,"Seta, Random House, Nihon Shogi Network",Seta,Unreleased,Unreleased,"February 26, 1998"
Shoujo Kakumei Utena: Itsuka Kakumei Sareru Monogatari,Sega CS1,Sega,Unreleased,Unreleased,"May 28, 1998"
Shouryuu Sangoku Engi,RON,Imagineer,Unreleased,Unreleased,"July 19, 1996"
Shunsai,Naxat Soft,Naxat Soft,Unreleased,Unreleased,"August 23, 1996"
Shusse Mahjong Daisettai,King Records,King Records,Unreleased,Unreleased,"December 13, 1996"
Shutsudou! Miniskirt Police,Sada Soft,Sada Soft,Unreleased,Unreleased,"September 25, 1997"
Side Pocket 3,Data East,Data East,Unreleased,Unreleased,"July 18, 1997"
Silhouette Mirage,Treasure,"ESP Software, Treasure",Unreleased,Unreleased,"September 11, 1997"
SimCity 2000,Maxis,Maxis,"October 15, 1995[12]","December 8, 1995","September 29, 1995"
Simulation RPG Tsukuru,Pegasus Japan,ASCII,Unreleased,Unreleased,"September 17, 1998"
Simulation Zoo,"Computer & Entertainment Inc., Alfa System",Soft Bank,Unreleased,Unreleased,"February 7, 1997"
Six Inch My Darling,KID,KID,Unreleased,Unreleased,"December 23, 1998"
Skeleton Warriors,Neversoft Entertainment,Playmates Interactive,"April 16, 1996","September 4, 1996",Unreleased
Skull Fang Ku-u-ga Gaiden,Aisystem Tokyo,Data East,Unreleased,Unreleased,"May 30, 1997"
Sky Target,Appaloosa Interactive,Sega,"August 22, 1997","June 12, 1997","April 25, 1997"
Slam 'n Jam '96 Featuring Magic & Kareem,Left Field Productions,Crystal Dynamics,"June 22, 1996",July 1996,"August 9, 1996"
Slayers Royal,Onion Egg,ESP Software,Unreleased,Unreleased,"July 25, 1997"
Slayers Royal 2,Onion Egg,ESP Software,Unreleased,Unreleased,"September 3, 1998"
Snatcher,Konami,Konami,Unreleased,Unreleased,"March 29, 1996"
Sokkou Seitokai,"SIMS, Shinseisha",Banpresto,Unreleased,Unreleased,"January 29, 1998"
Sol Divide,Psikyo,Atlus,Unreleased,Unreleased,"July 2, 1998"
Solar Eclipse (NA)Titan Wars (EU/JP),Crystal Dynamics,Crystal Dynamics (NA)BMG Entertainment (EU)BMG Entertainment (JP),November 1995,"April 12, 1996","April 19, 1996"
Solo Crisis,Quintet,Quintet,Unreleased,Unreleased,"January 22, 1998"
Söldnerschild,"Sega, Koei","Sega, Koei",Unreleased,Unreleased,"September 25, 1997"
Sonic 3D BlastSonic 3D: Flickies' Island(EU),Traveller's Tales,Sega,"November 20, 1996","February 14, 1997","October 14, 1999"
Sonic Jam,Sonic Team,Sega,"August 22, 1997","August 21, 1997","June 20, 1997"
Sonic R,Traveller's Tales,Sega,"November 18, 1997","November 21, 1997","December 4, 1997"
Sonic Wings Special,Video System,MediaQuest,Unreleased,Unreleased,"July 5, 1996"
Sorvice,Altron,Altron,Unreleased,Unreleased,"September 23, 1998"
Sotsugyou Crossworld,Shogakukan Production,Shogakukan Production,Unreleased,Unreleased,"March 28, 1997"
Sotsugyou Graduation S,NEC Interchannel,NEC Interchannel,Unreleased,Unreleased,"September 25, 1997"
Sotsugyou II Neo Generation,"Headroom, Tenky",Riverhillsoft,Unreleased,Unreleased,"August 11, 1995"
Sotsugyou III Wedding Bell,Westone,Shogakukan Production,Unreleased,Unreleased,"April 9, 1998"
Soukuu no Tsubasa: Gotha World,Micronet,Micronet,Unreleased,Unreleased,"November 6, 1997"
Soukyugurentai,Raizing,Electronic Arts Victor,Unreleased,Unreleased,"February 6, 1997"
Sound Novel Tsukūru 2,ASCII,ASCII,Unreleased,Unreleased,"November 27, 1997"
Sound Qube,Media Entertainment,Human Entertainment,Unreleased,Unreleased,"April 2, 1998"
Soviet Strike,Electronic Arts,Electronic Arts,"November 1, 1996","February 21, 1997","September 18, 1997"
Space Hulk: Vengeance of the Blood Angels,Krisalis Software,Electronic Arts,1996,"September 27, 1997",Unreleased
Space Invaders,Taito,Taito,Unreleased,Unreleased,"December 13, 1996"
Space Jam,Sculptured Software,Acclaim Entertainment,"November 26, 1996","March 14, 1997","February 28, 1997"
Spot Goes To Hollywood,Burst Studios,Virgin Interactive,"January 22, 1997",1997,"January 10, 1997"
Stakes Winner 2: Saikyouba Densetsu,Saurus,SNK,Unreleased,Unreleased,"May 2, 1997"
Stakes Winner: GI Kanzen Seiha Heno Michi,Saurus,SNK,Unreleased,Unreleased,"December 6, 1996"
Standby Say You!,Human,Human,Unreleased,Unreleased,"March 20, 1997"
"Star Bowling, The",Four Winds Software Inc. / Chameleon House,"Yumedia / Aroma Co., Ltd.",Unreleased,Unreleased,"November 13, 1997"
"Star Bowling Vol.2, The",Four Winds Software Inc. / Chameleon House,"Yumedia / Aroma Co., Ltd.",Unreleased,Unreleased,"January 15, 1998"
Star Fighter (NA)StarFighter 3000 (EU/JP),Krisalis Software,Acclaim Entertainment,"September 3, 1996","June 21, 1996","October 25, 1996"
Steam Hearts,GIGA,TGL,Unreleased,Unreleased,"September 23, 1998"
SteamGear Mash,Tamsoft,Takara,Unreleased,Unreleased,"September 29, 1995[13]"
Steeldom,Technosoft,Technosoft,Unreleased,Unreleased,"September 6, 1996"
Steep Slope Sliders,Cave,Acclaim Entertainment,"December 16, 1997",February 1998,"October 23, 1997"
Stellar Assault SS,"Sega, |SIMS",SIMS,Unreleased,Unreleased,"February 26, 1998"
Strahl: Himerareshi Nanatsu no Hikari,Media Entertainment,Media Entertainment,Unreleased,Unreleased,"November 24, 1995"
Street Fighter Alpha: Warriors' Dreams,Capcom,Capcom,"June 6, 1996","May 22, 1996","January 26, 1996"
Street Fighter Alpha 2,Capcom,Capcom,"September 30, 1996","November 16, 1996","September 14, 1996"
Street Fighter Zero 2' (expansion),Capcom,Capcom,Unreleased,Unreleased,"November 19, 1998"
Street Fighter Zero 3,Mitchell Corporation,Capcom,Unreleased,Unreleased,"August 6, 1999"
Street Fighter Collection,Mitchell Corporation,Capcom,"November 30, 1997",March 1998,"September 18, 1997"
Street Fighter II Movie,Capcom,Capcom,Unreleased,Unreleased,"March 15, 1996"
Street Fighter: The Movie,Capcom,Acclaim Entertainment (US/EU)Capcom (JP),"August 10, 1995",September 1995,"August 11, 1995"
Street Racer,Vivid Image,Ubisoft,Unreleased,"November 16, 1996","December 20, 1996"
Strikers 1945,Psikyo,Atlus,Unreleased,Unreleased,"June 28, 1996"
Strikers 1945 II,"Affect Boom, Kuusou Kagaku, Psikyo",Psikyo,Unreleased,Unreleased,"October 22, 1998"
Striker '96,Rage Software,Acclaim Entertainment,"May 31, 1996",July 1996,"August 30, 1996"
Suchie-Pai Adventure Doki Doki Nightmare,Jaleco,Jaleco,Unreleased,Unreleased,"February 26, 1998"
Sugobencha: Dragon Master Silk Gaiden,Gimmick House,Datam Polystar,Unreleased,Unreleased,"February 19, 1998"
Suiko Enbu Fuunsaiki,Data East,Data East,Unreleased,Unreleased,"March 22, 1996"
Suikoden Tendou 108 Sei,Koei,Koei,Unreleased,Unreleased,"December 18, 1997"
Suikoden: Tenmei no Chikai,Koei,Koei,Unreleased,Unreleased,"December 27, 1996"
Super Adventure Rockman,Kouyousha Ltd,Capcom,Unreleased,Unreleased,"June 25, 1998"
Super Casino Special,Coconuts Japan,Coconuts Japan,Unreleased,Unreleased,"January 24, 1997"
Super Puzzle Fighter II Turbo,Capcom,Capcom,"February 28, 1997",April 1997,"December 6, 1996"
Super Real Mahjong Graffiti,Seta,Seta,Unreleased,Unreleased,"November 24, 1995"
Super Real Mahjong P7,Seta,Seta,Unreleased,Unreleased,"May 21, 1998"
Super Real Mahjong PV,Seta,Seta,Unreleased,Unreleased,"May 26, 1995"
Super Real Mahjong PVI,Seta,Seta,Unreleased,Unreleased,"May 17, 1996"
Super Robot Wars F,Winkysoft,Banpresto,Unreleased,Unreleased,"September 25, 1997"
Super Robot War F Final,Winkysoft,Banpresto,Unreleased,Unreleased,"April 23, 1998"
Super Tempo,"Red Company, Aspect",MediaQuest,Unreleased,Unreleased,"April 29, 1998"
Swagman,Core Design,Eidos Interactive,Unreleased,July 1997,Unreleased
Sword & Sorcery,Microcabin,MicrocabinSatakore(re-release)[7],Unreleased,Unreleased,"May 31, 1996"
Tactical Fighter,Media Rings,Media Rings,Unreleased,Unreleased,"October 16, 1997"
Tactics Formula,AKI,"Sega, AKI",Unreleased,Unreleased,"October 9, 1997"
Tactics Ogre,Quest Corporation,Riverhillsoft,Unreleased,Unreleased,"December 13, 1996"
Tadaima Wakusei Kaitakuchuu!,Altron,Altron,Unreleased,Unreleased,"November 3, 1995"
Taiheiyou no Arashi 2: Shippuu no Moudou,SIMS,Imagineer,Unreleased,Unreleased,"June 13, 1997"
Taikou Risshiden II,Koei,Koei,Unreleased,Unreleased,"December 6, 1996"
Taikyoku Shougi Kiwame II,Geo Factory,Log Corporation,Unreleased,Unreleased,"November 29, 1996"
Taito Chase H.Q. + S.C.I.,"Affect Co., Ltd",Taito,Unreleased,Unreleased,"August 9, 1996"
Takuramakan: Tonkou Denki,Alfa System,Patra,Unreleased,Unreleased,"December 27, 1996"
Tama,Time Warner Interactive,Time Warner Interactive,Unreleased,Unreleased,"November 22, 1994"
Tanjou S: Debut,"Access, Headroom, Image Works",NEC Interchannel,Unreleased,Unreleased,"June 28, 1996"
Tantei Jinguuji Saburou: Mikan no Rupo,Data East,Data East,Unreleased,Unreleased,"August 9, 1996"
Tantei Jinguuji Saburou: Yume no Owarini,Data East,Data East,Unreleased,Unreleased,"July 9, 1998"
Teitoku no Ketsudan III,Koei,Koei,Unreleased,Unreleased,"June 27, 1997"
Teitoku no Ketsudan III with Power-Up Kit  (Expansion),Koei,Koei,Unreleased,Unreleased,"March 26, 1998"
Tempest 2000,High Voltage Software,Interplay Entertainment,"December 20, 1996","March 20, 1997",Unreleased
Tenant Wars,KID,KID,Unreleased,Unreleased,"February 11, 1998"
Ten Pin Alley,Adrenalin Interactive,ASC Games,"November 5, 1997",Unreleased,Unreleased
Tenchi Muyou! Rensa Hitsuyou,Access,Pioneer LDC,Unreleased,Unreleased,"February 28, 1997"
Tenchi Muyou! Toukou Muyou: Aniraji Collection,Xing Entertainment,Xing Entertainment,Unreleased,Unreleased,"January 17, 1997"
Tenchi wo Kurau II: Sekiheki no Tatakai,Capcom,Capcom,Unreleased,Unreleased,"September 6, 1996"
Tengai Makyou: Daiyon no Mokushiroku,"Hudson Soft, |Red Company",Hudson Soft,Unreleased,Unreleased,"January 14, 1997"
Tenka Seiha,RON,Imagineer,Unreleased,Unreleased,"August 8, 1997"
Tennis Arena,Smart Dog,Ubisoft,Unreleased,Unreleased,"April 9, 1998"
Terra Cresta 3D,Nihon Bussan,Nihon Bussan,Unreleased,Unreleased,"August 8, 1997"
Terra Phantastica,Sega,Sega[7],Unreleased,Unreleased,"December 27, 1996"
Tetris Plus,Natsume,Jaleco,"October 18, 1996",October 1996,"August 30, 1996"
Tetris S,Bullet Proof Software,Bullet Proof Software,Unreleased,Unreleased,"December 27, 1996"
Texthoth Ludo: Arcanum Senki,"Pai, Falcom",Pai,Unreleased,Unreleased,"December 18, 1997"
Theme Park,Krisalis Software,Electronic Arts,October 1995,"October 30, 1995","December 22, 1995"
Three Dirty Dwarves,Appaloosa Interactive,SegaSoft,"September 27, 1996","April 3, 1997","May 30, 1997"
Thunder Force: Gold Pack 1,Technosoft,Technosoft,Unreleased,Unreleased,"September 27, 1996"
Thunder Force: Gold Pack 2,Technosoft,Technosoft,Unreleased,Unreleased,"December 6, 1996"
Thunder Force V,Technosoft,TechnosoftSatakore(re-release)[7],Unreleased,Unreleased,"July 11, 1997"
Thunder Storm & Road Blaster,Ecseco Development,Ecseco Development,Unreleased,Unreleased,"October 20, 1995"
Thunderstrike 2 (NA)Firestorm: Thunderhawk 2 (EU)Thunderhawk II (JP),Core Design,"Core Design, U.S. GoldUS, Victor EntertainmentJP",1996,"December 4, 1995","February 23, 1996"
Tilk: Aoi Umi kara Kita Shoujo,TGL,TGL,Unreleased,Unreleased,"December 23, 1997"
Time Bokan Series: Bokan to Ippatsu! Doronboo Kanpekiban,"Banpresto, Tatsunoko Production",Banpresto,Unreleased,Unreleased,"September 25, 1997"
Time Commando,Virtual Studio,Acclaim Entertainment,Unreleased,Unreleased,"March 12, 1998"
Time Gal & Ninja Hayate,Ecseco Development,Ecseco Development,Unreleased,Unreleased,"January 17, 1997"
Tokimeki Mahjong Graffiti: Toshishita no Tenshi Tachi,Sonnet Computer Entertainment,Varie,Unreleased,Unreleased,"May 3, 1996"
Tokimeki Mahjong Paradise: Koi no Tenpai Beat,Sonnet Computer Entertainment,Varie,Unreleased,Unreleased,"October 20, 1995"
Tokimeki Memorial Drama Series Vol. 1: Nijiiro no Seishun,Konami,Konami,Unreleased,Unreleased,"July 10, 1997"
Tokimeki Memorial Drama Series Vol.2: Irodori no Lovesong,Konami,Konami,Unreleased,Unreleased,"March 26, 1998"
Tokimeki Memorial Drama Series Vol.3: Tabidachi no Uta,Konami,Konami,Unreleased,Unreleased,"April 1, 1999"
Tokimeki Memorial: Forever With You,Konami,Konami,Unreleased,Unreleased,"July 19, 1996"
Tokimeki Memorial Selection: Fujisaki Shiori(Software),Konami,Konami,Unreleased,Unreleased,"March 27, 1997"
Tokimeki Memorial: Taisen Puzzle-dama,Konami,Konami,Unreleased,Unreleased,"September 28, 1996"
Tokimeki Memorial: Taisen Tokkaedama,Konami,Konami,Unreleased,Unreleased,"August 7, 1997"
Tokyo Shadow,TaitoHighTech Lab. Japan,Taito,Unreleased,Unreleased,"April 25, 1997"
Tokusou Kidoutai J SWAT,Japan Media Programming,Banpresto,Unreleased,Unreleased,"August 23, 1996"
Tomb Raider,Core Design,Eidos Interactive,"November 18, 1996","October 24, 1996","January 24, 1997"
Top Anglers: Super Fishing Big Fight 2,Geo Factory,Naxat Soft,Unreleased,Unreleased,"June 27, 1997"
Touge King the Spirits 2,"Atlus, Cave",Atlus,Unreleased,Unreleased,"April 18, 1997"
Tour Party: Sotsugyou Ryokou ni Ikou,Japan Media Programming,Takara,Unreleased,Unreleased,"April 23, 1998"
Touryuu Densetsu Elan Doree,Sai-Mate,Kamata and Partners,Unreleased,Unreleased,"January 14, 1999"
The Tower,OPeNBooK,OPeNBooK,Unreleased,Unreleased,"March 1, 1996"
Transport Tycoon,MicroProse,Imagineer,Unreleased,Unreleased,"November 20, 1997"
Trash It,Rage Software,GT Interactive,Unreleased,1997,Unreleased
True Pinball,Digital Illusions,Ocean (US/EU)Gaga Communications (JP),"October 31, 1996","April 5, 1996","January 5, 1996"
Tryrush Deppy,System Supply N-Tech,Nihon Create,Unreleased,Unreleased,"November 22, 1996"
Tsuukai''!! Slot Shooting,Shoeisha,,Unreleased,Unreleased,"June 14, 1996"
Tunnel B1 (FinalistJP),"NEON Software, Microcabin","Acclaim EntertainmentUS, OceanEU, Gaga CommunicationsJP","January 15, 1997","October 16, 1996","August 29, 1997"
TurfWind '96: Take Yutaka Kyousouba Ikusei Game,Jaleco,Jaleco,Unreleased,Unreleased,"October 4, 1996"
Tutankhamen no Nazo: Ankh,Ray Corporation,Ray Corporation,Unreleased,Unreleased,"November 20, 1997"
Twinkle Star Sprites,ADK,ADK,Unreleased,Unreleased,"December 18, 1997"
UEFA Euro 96 England,Gremlin Interactive,Sega,Unreleased,"May 30, 1996",Unreleased
Ultimate Mortal Kombat 3,Eurocom,Williams,"June 27, 1996",June 1996,Unreleased
Ultraman: Hikari no Kyojin Densetsu,SIMS,Bandai,Unreleased,Unreleased,"December 20, 1996"
Umanari 1 Furlong Gekijou,Micro Vision,Micro Vision,Unreleased,Unreleased,"December 4, 1997"
Universal Nuts,Sonnet Computer Entertainment,Lay-Up,Unreleased,Unreleased,"December 18, 1997"
Uno DX,MediaQuest,MediaQuest,Unreleased,Unreleased,"January 29, 1998"
The Unsolved: Hyper Science Adventure,"Japan Media Programming, Ozla Pictures",Virgin Interactive Entertainment,Unreleased,Unreleased,"May 2, 1997"
Valora Valley Golf(Hyper Golf: Devil's CourseJP),T&E Soft,T&E Soft,1996,"April 12, 1996","December 15, 1996"
Vampire Savior: The Lord of Vampire,Capcom,Capcom,Unreleased,Unreleased,"April 16, 1998"
Vandal Hearts: Ushinawareta Kodai Bunmei,Konami,Konami,Unreleased,Unreleased,"November 27, 1997"
Vatlva,Ancient,JVC[14],Unreleased,Unreleased,"December 6, 1996"
Victory Goal,Sega CS,Sega,Unreleased,Unreleased,"January 20, 1995"
Victory Goal '96,Team Aquila,Sega,Unreleased,Unreleased,"March 29, 1996"
Virtua Cop,Sega,Sega,"November 15, 1995","December 8, 1995","November 24, 1995"
Virtua Cop 2,Sega,Sega,"December 2, 1996","January 1, 1997","November 22, 1996"
Virtua Fighter,Sega AM2,Sega,"May 11, 1995","July 8, 1995","November 22, 1994"
Virtua Fighter 2,Sega AM2,Sega,December 1995,"January 5, 1996","December 1, 1995"
Virtua Fighter Kids,Sega AM2,Sega,"July 31, 1996","October 3, 1996","July 26, 1996"
Virtua Fighter Remix,Sega AM1,Sega,"October 2, 1995","October 6, 1995","July 14, 1995"
Virtua Photo Studio,High-Tech Lab Japan,Acclaim Japan,Unreleased,Unreleased,"March 29, 1996"
Virtuacall S,KID,KID,Unreleased,Unreleased,"October 29, 1998"
Virtual Casino,Natsume,Natsume,December 1996,Unreleased,"March 15, 1996"
Virtual Golf (EU)Tournament Leader (JP),Core Design,Core Design (EU)Victor Entertainment (JP),Unreleased,February 1996,"August 23, 1996"
Virtual Hydlide,T&E Soft,T&E Soft,September 1995,"December 29, 1995","April 28, 1995"
Virtual Kyoutei,Nihon Bussan,Nihon Bussan,Unreleased,Unreleased,"December 20, 1996"
Virtual Kyoutei 2,Nihon Bussan,Nihon Bussan,Unreleased,Unreleased,"December 4, 1997"
Virtual Mahjong,Micronet,Micronet,Unreleased,Unreleased,"March 5, 1998"
Virtual On: Cyber Troopers,Sega AM3,Sega,"November 8, 1996",January 1997,"November 29, 1996"
Virtual Open Tennis,Arc System Works,Acclaim Entertainment (US/EU)Imagineer (JP),"May 31, 1996","June 6, 1996","October 27, 1995"
Virtual Volleyball,SIMS,Imagineer,Unreleased,Unreleased,"July 21, 1995"
Virtua Racing,Time Warner Interactive,Time Warner Interactive,"November 6, 1995",November 1995,"December 22, 1995"
Virus,SIMS,Hudson Soft,Unreleased,Unreleased,"August 22, 1997"
Voice Fantasia S: Ushinawareta Voice Power,"Pre-Stage, Japan Media Programming",ASK Kodansha,Unreleased,Unreleased,"July 25, 1997"
Voice Idol Maniacs: Pool Bar Story,Four Winds Software Inc.,Data East,Unreleased,Unreleased,"April 4, 1997"
VR Golf '97 (NA)Actua Golf (JP)Actua Golf (EU),Gremlin Interactive,Interplay Entertainment (US) Gremlin Interactive (EU) Naxat Soft (JP),"December 20, 1996","September 6, 1996","April 4, 1996"
VR Soccer (NA)Actua Soccer (JP),Gremlin Interactive,VR Sports,"December 20, 1996",Unreleased,"October 4, 1996"
Wachenröder,SegaWestone,Sega,Unreleased,Unreleased,"August 6, 1998"
Waialae no Kiseki: Extra 36 Holes,"T&E Soft, Polysys",T&E Soft,Unreleased,Unreleased,"February 28, 1997"
Waku Waku 7,Sunsoft,Sunsoft,Unreleased,Unreleased,"June 20, 1997"
Waku Waku Monster,Altron,Altron,Unreleased,Unreleased,"July 30, 1998"
Waku Waku Puyo Puyo Dungeon,Compile,Compile,Unreleased,Unreleased,"April 2, 1998"
WanChai Connection,Micronet,Sega,Unreleased,Unreleased,"November 22, 1994"
Wangan Dead Heat + Real Arrange,Genki,Pack-In-Video,Unreleased,Unreleased,"August 30, 1996"
Wangan Trial Love,Victor Interactive Software,Victor Interactive Software,Unreleased,Unreleased,"April 2, 1998"
Wara² Wars: Gekitou! Daigundan Battle,Shoeisha,Shoeisha,Unreleased,Unreleased,"May 23, 1997"
Warcraft II: The Dark Saga,Blizzard Entertainment,Electronic Arts,"August 20, 1997",July 1997,"November 27, 1997"
Welcome House,HighwayStar,Imagineer,Unreleased,Unreleased,"June 13, 1997"
Whizz,"Flair Software, Microvalue","Konami, Bandai Visual, B-Factory",Unreleased,August 1997,"August 29, 1997"
Williams Arcade's Greatest Hits,Digital Eclipse,Midway,"December 23, 1996",November 1996,Unreleased
Willy Wombat,Westone,Hudson Soft,Unreleased,Unreleased,"June 27, 1997"
Wing Arms,Sega,Sega,January 1996,February 1996,"September 29, 1995"
Winning Post (NA)Winning Post 2 (JP),Koei,Koei,1997,Unreleased,"March 22, 1996"
Winning Post 2 Final '97,Koei,Koei,Unreleased,Unreleased,"February 28, 1997"
Winning Post 2 Program '96,Koei,Koei,Unreleased,Unreleased,"October 4, 1996"
Winning Post 3,Koei,Koei,Unreleased,Unreleased,"April 2, 1998"
Winning Post 3 Program '98,Koei,Koei,Unreleased,Unreleased,"December 3, 1998"
Winning Post EX,Koei,Koei,Unreleased,Unreleased,"August 11, 1995"
Winter Heat,Data East,Sega,"February 18, 1998","February 13, 1998","February 5, 1998"
wipEout,Psygnosis,Psygnosis,"March 5, 1996","March 29, 1996","July 12, 1996"
wipEout 2097,Psygnosis,Psygnosis,Unreleased,September 1997,"March 5, 1998"
With You: Mitsumeteitai,Stack,NEC Interchannel,Unreleased,Unreleased,"July 29, 1999"
Wizard's Harmony,Arc System Works,Arc System Works,Unreleased,Unreleased,"December 29, 1995"
Wizard's Harmony 2,Arc System Works,Arc System Works,Unreleased,Unreleased,"December 23, 1997"
Wizardry: Llylgamyn Saga,Soliton Software,Locus,Unreleased,Unreleased,"November 26, 1998"
Wizardry Nemesis,"Shouei System, Sir-Tech",Shouei System,Unreleased,Unreleased,"January 22, 1998"
Wizardry VI & VII Complete,Data East,Data East,Unreleased,Unreleased,"May 31, 1996"
Wolf Fang SS: Kuuga 2001,Tuji Jimusho,Xing Entertainment,Unreleased,Unreleased,"March 28, 1997"
World Advanced Daisenryaku: Sakusen File,Sega CS1,Sega,Unreleased,Unreleased,"March 15, 1996"
World Cup '98 France: Road to Win,Sega,Sega,Unreleased,Unreleased,"June 11, 1998"
World Cup Golf: Professional Edition (NA/EU)Golf In Hyatt Dorado Beach (JP),Arc Developments,U.S. Gold (NA/EU)Soft Vision International / Coconuts Japan (JP),1996,February 1996,"March 29, 1996"
World Evolution Soccer,Jack Pot,Asmik,Unreleased,Unreleased,"June 27, 1997"
World Heroes Perfect,ADK,SNK,Unreleased,Unreleased,"August 9, 1996"
World League Soccer 98,Silicon Dreams,Sega,Unreleased,"June 5, 1998",Unreleased
World Series Baseball,Sega,Sega,November 1995,"November 17, 1995","November 17, 1995"
World Series Baseball 2,Sega,Sega,"August 24, 1996",November 1996,"October 25, 1996"
World Series Baseball '98,Sega,Sega,"July 22, 1997",Unreleased,"March 28, 1997"
Worldwide Soccer: Sega International Victory Goal Edition (NA)International Victory Goal (EU)Sega International Victory Goal  (JP),Sega,Sega,"May 11, 1995","July 8, 1995",Unreleased
Worms,Team17,Ocean Software,April 1996,December 1995,"March 4, 1997"
WWF In Your House,Sculptured Software,Acclaim Entertainment,"November 30, 1996","November 8, 1996","February 21, 1997"
WWF WrestleMania: The Arcade Game,Sculptured Software,Acclaim Entertainment,"May 30, 1996",June 1996,"August 9, 1996"
X Japan Virtual Shock 001,Sega,Sega,Unreleased,Unreleased,"October 20, 1995"
X-Men vs. Street Fighter,Capcom,Capcom,Unreleased,Unreleased,"November 27, 1997"
X-Men: Children of the Atom,Rutubo Games,"Acclaim EntertainmentUS/EU, CapcomJP","April 5, 1996","April 12, 1996","November 22, 1995"
The Yakyuu Ken Special: Konya Wa 12-Kai Ikusa,Societa Daikanyama,Societa Daikanyama,Unreleased,Unreleased,"July 28, 1995"
Yellow Brick Road,"Synergy, Inc.",Acclaim Entertainment,Unreleased,Unreleased,"August 30, 1996"
Yoshimoto Mahjong Club,Psikyo,Psikyo,Unreleased,Unreleased,"December 17, 1998"
Yoshimura Shougi,Konami,Konami,Unreleased,Unreleased,"March 26, 1998"
Yumimi Mix Remix,Game Arts,Game Arts,Unreleased,Unreleased,"July 28, 1995"
Yu-No: Kono Yo no Hate de Koi wo Utau Shoujo,ELF,ELF,Unreleased,Unreleased,"December 4, 1997"
Yuukyuu Gensoukyoku,Starlight MarryISCO,MediaWorks,Unreleased,Unreleased,"July 18, 1997"
Yuukyuu Gensoukyoku 2nd Album,Starlight MarryISCO,MediaWorks,Unreleased,Unreleased,"February 26, 1998"
Yuukyuu Gensoukyoku Ensemble,Starlight Marry,MediaWorks,Unreleased,Unreleased,"December 10, 1998"
Yuukyuu Gensoukyoku Ensemble 2,Starlight Marry,MediaWorks,Unreleased,Unreleased,"March 4, 1999"
Yuukyuu no Kobako: Official Collection,Starlight Marry,MediaWorks,Unreleased,Unreleased,"December 11, 1997"
Yuushun Classic Road,Progress,Victor Interactive Software,Unreleased,Unreleased,"March 14, 1997"
Z,The Bitmap Brothers,GT Interactive,Unreleased,April 1998,Unreleased
Zanma Chouougi Valhollian,Datt Japan,Kamata and Partners,Unreleased,Unreleased,"August 6, 1998"
Zap! Snowboarding Trix,Atelier Double,Pony Canyon,Unreleased,Unreleased,"February 21, 1997"
Zap! Snowboarding Trix '98,Atelier Double,Pony Canyon,Unreleased,Unreleased,"December 18, 1997"
Zenkoku Seifuku Bishoujo Grand Prix Find Love,TamTamLyceen,Daiki,Unreleased,Unreleased,"October 2, 1997"
Zen Nihon Pro Wres Featuring Virtua,Scarab,Sega,Unreleased,Unreleased,"October 23, 1997"
Zero Divide: The Final Conflict,ZOOM,ZOOM,Unreleased,Unreleased,"November 20, 1997"
Zero4 Champ DooZy-J Type-R,Media Rings,Media Rings,Unreleased,Unreleased,"June 20, 1997"
Zoku Gussun Oyoyo,"Banpresto, Irem",Banpresto,Unreleased,Unreleased,"February 28, 1997"
Zoku Hatsukoi Monogatari: Shuugakuryokou,Koga Game Factory,Tokua Shoten,Unreleased,Unreleased,"December 3, 1998"
Zoop,Hookstone,Media Quest,Unreleased,Unreleased,"November 29, 1996"
Zork Collection,Shoeisha,Shoeisha,Unreleased,Unreleased,"March 12, 1998"
Zork I: The Great Underground Empire,Shoeisha,Shoeisha,Unreleased,Unreleased,"March 15, 1996"
